operation,n,version,sample,ns_per_element
dot,10,ref-aos,0,0.691166
dot,10,ref-aos,1,0.697422
dot,10,ref-aos,2,0.710583
dot,10,ref-aos,3,0.690842
dot,10,ref-aos,4,0.690041
dot,10,ref-aos,5,0.693111
dot,10,ref-aos,6,0.698109
dot,10,ref-aos,7,0.692711
dot,10,ref-aos,8,0.691261
dot,10,ref-aos,9,0.692577
dot,10,ref-aos,10,0.68922
dot,10,ref-aos,11,0.760212
dot,10,ref-aos,12,0.696964
dot,10,ref-aos,13,0.699844
dot,10,ref-aos,14,0.720196
dot,10,ref-aos,15,1.42761
dot,10,ref-aos,16,0.716515
dot,10,ref-aos,17,0.71991
dot,10,ref-aos,18,0.801601
dot,10,ref-aos,19,0.718117
dot,10,ref-aos,20,0.695114
dot,10,ref-aos,21,0.696239
dot,10,ref-aos,22,0.760899
dot,10,ref-aos,23,0.689526
dot,10,ref-aos,24,0.68943
dot,10,ref-aos,25,0.690727
dot,10,ref-aos,26,0.732574
dot,10,ref-aos,27,0.694599
dot,10,ref-aos,28,0.701351
dot,10,ref-aos,29,0.761433
dot,10,ref-aos,30,0.699959
dot,10,simd-aos,0,0.366116
dot,10,simd-aos,1,0.36953
dot,10,simd-aos,2,0.367279
dot,10,simd-aos,3,0.368519
dot,10,simd-aos,4,0.366383
dot,10,simd-aos,5,0.37466
dot,10,simd-aos,6,0.367908
dot,10,simd-aos,7,0.376282
dot,10,simd-aos,8,0.369263
dot,10,simd-aos,9,0.366516
dot,10,simd-aos,10,0.370922
dot,10,simd-aos,11,0.523834
dot,10,simd-aos,12,0.366745
dot,10,simd-aos,13,0.367393
dot,10,simd-aos,14,0.367813
dot,10,simd-aos,15,0.36684
dot,10,simd-aos,16,0.365868
dot,10,simd-aos,17,0.365219
dot,10,simd-aos,18,0.371094
dot,10,simd-aos,19,0.367336
dot,10,simd-aos,20,0.366879
dot,10,simd-aos,21,0.365562
dot,10,simd-aos,22,0.374413
dot,10,simd-aos,23,0.36829
dot,10,simd-aos,24,0.365772
dot,10,simd-aos,25,0.378819
dot,10,simd-aos,26,0.366554
dot,10,simd-aos,27,0.365543
dot,10,simd-aos,28,0.367107
dot,10,simd-aos,29,0.368309
dot,10,simd-aos,30,0.416908
dot,10,asm-aos,0,0.64909
dot,10,asm-aos,1,0.641384
dot,10,asm-aos,2,0.656719
dot,10,asm-aos,3,0.639305
dot,10,asm-aos,4,0.647373
dot,10,asm-aos,5,0.652676
dot,10,asm-aos,6,0.646229
dot,10,asm-aos,7,0.643463
dot,10,asm-aos,8,0.64455
dot,10,asm-aos,9,0.756226
dot,10,asm-aos,10,0.642662
dot,10,asm-aos,11,0.641518
dot,10,asm-aos,12,0.643539
dot,10,asm-aos,13,0.642128
dot,10,asm-aos,14,0.644417
dot,10,asm-aos,15,0.642853
dot,10,asm-aos,16,0.705147
dot,10,asm-aos,17,0.678349
dot,10,asm-aos,18,0.648766
dot,10,asm-aos,19,0.646534
dot,10,asm-aos,20,0.636673
dot,10,asm-aos,21,0.658092
dot,10,asm-aos,22,0.644245
dot,10,asm-aos,23,0.644569
dot,10,asm-aos,24,0.738945
dot,10,asm-aos,25,0.643482
dot,10,asm-aos,26,0.672588
dot,10,asm-aos,27,0.641975
dot,10,asm-aos,28,0.706692
dot,10,asm-aos,29,0.64043
dot,10,asm-aos,30,0.647736
dot,10,ref-soa,0,0.483704
dot,10,ref-soa,1,0.484028
dot,10,ref-soa,2,0.499325
dot,10,ref-soa,3,0.489235
dot,10,ref-soa,4,0.489731
dot,10,ref-soa,5,0.483761
dot,10,ref-soa,6,0.484562
dot,10,ref-soa,7,0.483799
dot,10,ref-soa,8,0.486755
dot,10,ref-soa,9,0.488968
dot,10,ref-soa,10,0.483513
dot,10,ref-soa,11,0.482712
dot,10,ref-soa,12,0.48418
dot,10,ref-soa,13,0.486145
dot,10,ref-soa,14,0.482979
dot,10,ref-soa,15,0.595474
dot,10,ref-soa,16,0.483894
dot,10,ref-soa,17,0.484352
dot,10,ref-soa,18,0.485954
dot,10,ref-soa,19,0.484219
dot,10,ref-soa,20,0.483875
dot,10,ref-soa,21,0.504398
dot,10,ref-soa,22,0.484905
dot,10,ref-soa,23,0.48357
dot,10,ref-soa,24,0.485287
dot,10,ref-soa,25,0.484943
dot,10,ref-soa,26,0.485115
dot,10,ref-soa,27,0.504074
dot,10,ref-soa,28,0.486584
dot,10,ref-soa,29,0.486393
dot,10,ref-soa,30,0.482693
dot,10,simd-soa,0,0.472355
dot,10,simd-soa,1,0.472469
dot,10,simd-soa,2,0.469608
dot,10,simd-soa,3,0.469704
dot,10,simd-soa,4,0.492058
dot,10,simd-soa,5,0.473213
dot,10,simd-soa,6,0.470448
dot,10,simd-soa,7,0.471478
dot,10,simd-soa,8,0.469532
dot,10,simd-soa,9,0.47039
dot,10,simd-soa,10,0.468807
dot,10,simd-soa,11,0.476208
dot,10,simd-soa,12,0.576077
dot,10,simd-soa,13,0.471191
dot,10,simd-soa,14,0.46751
dot,10,simd-soa,15,0.473022
dot,10,simd-soa,16,0.470505
dot,10,simd-soa,17,0.473766
dot,10,simd-soa,18,0.479794
dot,10,simd-soa,19,0.477428
dot,10,simd-soa,20,0.522289
dot,10,simd-soa,21,0.582161
dot,10,simd-soa,22,0.586319
dot,10,simd-soa,23,0.523834
dot,10,simd-soa,24,0.523224
dot,10,simd-soa,25,0.614796
dot,10,simd-soa,26,0.500469
dot,10,simd-soa,27,0.560055
dot,10,simd-soa,28,0.743294
dot,10,simd-soa,29,0.771618
dot,10,simd-soa,30,0.532322
dot,10,simd-soa+conv,0,1.90163
dot,10,simd-soa+conv,1,1.65054
dot,10,simd-soa+conv,2,1.61072
dot,10,simd-soa+conv,3,1.58989
dot,10,simd-soa+conv,4,1.60973
dot,10,simd-soa+conv,5,1.59081
dot,10,simd-soa+conv,6,1.62933
dot,10,simd-soa+conv,7,1.59729
dot,10,simd-soa+conv,8,1.7186
dot,10,simd-soa+conv,9,1.58546
dot,10,simd-soa+conv,10,1.58386
dot,10,simd-soa+conv,11,1.58485
dot,10,simd-soa+conv,12,1.6114
dot,10,simd-soa+conv,13,1.65451
dot,10,simd-soa+conv,14,1.82365
dot,10,simd-soa+conv,15,1.58691
dot,10,simd-soa+conv,16,1.58226
dot,10,simd-soa+conv,17,1.58913
dot,10,simd-soa+conv,18,1.5873
dot,10,simd-soa+conv,19,1.58325
dot,10,simd-soa+conv,20,1.77765
dot,10,simd-soa+conv,21,1.60019
dot,10,simd-soa+conv,22,1.58875
dot,10,simd-soa+conv,23,1.59012
dot,10,simd-soa+conv,24,1.59386
dot,10,simd-soa+conv,25,1.59538
dot,10,simd-soa+conv,26,1.58974
dot,10,simd-soa+conv,27,1.68968
dot,10,simd-soa+conv,28,1.59325
dot,10,simd-soa+conv,29,1.58592
dot,10,simd-soa+conv,30,1.59958
dot,1000,ref-aos,0,0.593921
dot,1000,ref-aos,1,0.59563
dot,1000,ref-aos,2,0.599609
dot,1000,ref-aos,3,0.596143
dot,1000,ref-aos,4,0.599048
dot,1000,ref-aos,5,1.23755
dot,1000,ref-aos,6,0.615503
dot,1000,ref-aos,7,4.39736
dot,1000,ref-aos,8,0.68623
dot,1000,ref-aos,9,0.763184
dot,1000,ref-aos,10,0.605664
dot,1000,ref-aos,11,0.598267
dot,1000,ref-aos,12,0.710645
dot,1000,ref-aos,13,0.786499
dot,1000,ref-aos,14,0.598071
dot,1000,ref-aos,15,1.70767
dot,1000,ref-aos,16,0.592871
dot,1000,ref-aos,17,0.647803
dot,1000,ref-aos,18,0.595825
dot,1000,ref-aos,19,0.592603
dot,1000,ref-aos,20,0.716846
dot,1000,ref-aos,21,0.594897
dot,1000,ref-aos,22,0.591016
dot,1000,ref-aos,23,0.59104
dot,1000,ref-aos,24,0.591553
dot,1000,ref-aos,25,0.591675
dot,1000,ref-aos,26,0.663281
dot,1000,ref-aos,27,0.595874
dot,1000,ref-aos,28,0.660449
dot,1000,ref-aos,29,0.598535
dot,1000,ref-aos,30,0.600146
dot,1000,simd-aos,0,0.261743
dot,1000,simd-aos,1,0.267249
dot,1000,simd-aos,2,0.261279
dot,1000,simd-aos,3,0.289355
dot,1000,simd-aos,4,0.262891
dot,1000,simd-aos,5,0.262061
dot,1000,simd-aos,6,0.330518
dot,1000,simd-aos,7,0.263464
dot,1000,simd-aos,8,0.26134
dot,1000,simd-aos,9,0.266809
dot,1000,simd-aos,10,0.288
dot,1000,simd-aos,11,0.262842
dot,1000,simd-aos,12,0.261487
dot,1000,simd-aos,13,0.261536
dot,1000,simd-aos,14,0.261792
dot,1000,simd-aos,15,0.261279
dot,1000,simd-aos,16,0.287915
dot,1000,simd-aos,17,0.262927
dot,1000,simd-aos,18,0.263269
dot,1000,simd-aos,19,0.262708
dot,1000,simd-aos,20,0.262097
dot,1000,simd-aos,21,0.256213
dot,1000,simd-aos,22,0.261597
dot,1000,simd-aos,23,0.266516
dot,1000,simd-aos,24,0.262158
dot,1000,simd-aos,25,0.262549
dot,1000,simd-aos,26,0.262549
dot,1000,simd-aos,27,0.263489
dot,1000,simd-aos,28,0.252942
dot,1000,simd-aos,29,0.257642
dot,1000,simd-aos,30,0.265002
dot,1000,asm-aos,0,0.580762
dot,1000,asm-aos,1,0.658545
dot,1000,asm-aos,2,0.616895
dot,1000,asm-aos,3,0.659644
dot,1000,asm-aos,4,0.631885
dot,1000,asm-aos,5,0.585474
dot,1000,asm-aos,6,0.580371
dot,1000,asm-aos,7,0.588306
dot,1000,asm-aos,8,0.583301
dot,1000,asm-aos,9,0.582227
dot,1000,asm-aos,10,0.583887
dot,1000,asm-aos,11,0.580347
dot,1000,asm-aos,12,0.5802
dot,1000,asm-aos,13,0.595654
dot,1000,asm-aos,14,0.645117
dot,1000,asm-aos,15,0.590527
dot,1000,asm-aos,16,0.583716
dot,1000,asm-aos,17,0.583887
dot,1000,asm-aos,18,0.580444
dot,1000,asm-aos,19,0.593677
dot,1000,asm-aos,20,0.580469
dot,1000,asm-aos,21,0.580566
dot,1000,asm-aos,22,0.584131
dot,1000,asm-aos,23,0.585669
dot,1000,asm-aos,24,0.585229
dot,1000,asm-aos,25,0.580664
dot,1000,asm-aos,26,0.587549
dot,1000,asm-aos,27,0.580371
dot,1000,asm-aos,28,0.581885
dot,1000,asm-aos,29,0.583398
dot,1000,asm-aos,30,0.582349
dot,1000,ref-soa,0,0.15188
dot,1000,ref-soa,1,0.154419
dot,1000,ref-soa,2,0.153076
dot,1000,ref-soa,3,0.152209
dot,1000,ref-soa,4,0.1508
dot,1000,ref-soa,5,0.153711
dot,1000,ref-soa,6,0.150928
dot,1000,ref-soa,7,0.157062
dot,1000,ref-soa,8,0.152673
dot,1000,ref-soa,9,0.151953
dot,1000,ref-soa,10,0.151117
dot,1000,ref-soa,11,0.150592
dot,1000,ref-soa,12,0.15528
dot,1000,ref-soa,13,0.150775
dot,1000,ref-soa,14,0.15343
dot,1000,ref-soa,15,0.150873
dot,1000,ref-soa,16,0.15047
dot,1000,ref-soa,17,0.150604
dot,1000,ref-soa,18,0.165698
dot,1000,ref-soa,19,0.151727
dot,1000,ref-soa,20,0.151434
dot,1000,ref-soa,21,0.184106
dot,1000,ref-soa,22,0.151074
dot,1000,ref-soa,23,0.152527
dot,1000,ref-soa,24,0.150952
dot,1000,ref-soa,25,0.165234
dot,1000,ref-soa,26,0.15752
dot,1000,ref-soa,27,0.153217
dot,1000,ref-soa,28,0.152466
dot,1000,ref-soa,29,0.150732
dot,1000,ref-soa,30,0.150458
dot,1000,simd-soa,0,0.15166
dot,1000,simd-soa,1,0.150836
dot,1000,simd-soa,2,0.150989
dot,1000,simd-soa,3,0.150513
dot,1000,simd-soa,4,0.159003
dot,1000,simd-soa,5,0.150031
dot,1000,simd-soa,6,0.150275
dot,1000,simd-soa,7,0.1776
dot,1000,simd-soa,8,0.15152
dot,1000,simd-soa,9,0.168518
dot,1000,simd-soa,10,0.151636
dot,1000,simd-soa,11,0.151202
dot,1000,simd-soa,12,0.149878
dot,1000,simd-soa,13,0.158032
dot,1000,simd-soa,14,0.152155
dot,1000,simd-soa,15,0.16535
dot,1000,simd-soa,16,0.150146
dot,1000,simd-soa,17,0.150964
dot,1000,simd-soa,18,0.15094
dot,1000,simd-soa,19,0.155884
dot,1000,simd-soa,20,0.159503
dot,1000,simd-soa,21,0.150775
dot,1000,simd-soa,22,0.150751
dot,1000,simd-soa,23,0.15108
dot,1000,simd-soa,24,0.150867
dot,1000,simd-soa,25,0.161157
dot,1000,simd-soa,26,0.149896
dot,1000,simd-soa,27,0.150031
dot,1000,simd-soa,28,0.149615
dot,1000,simd-soa,29,0.149591
dot,1000,simd-soa,30,0.149982
dot,1000,simd-soa+conv,0,0.785303
dot,1000,simd-soa+conv,1,0.795093
dot,1000,simd-soa+conv,2,0.882764
dot,1000,simd-soa+conv,3,0.820898
dot,1000,simd-soa+conv,4,0.784546
dot,1000,simd-soa+conv,5,0.784229
dot,1000,simd-soa+conv,6,0.808911
dot,1000,simd-soa+conv,7,0.785498
dot,1000,simd-soa+conv,8,0.780884
dot,1000,simd-soa+conv,9,0.782251
dot,1000,simd-soa+conv,10,0.840161
dot,1000,simd-soa+conv,11,0.857129
dot,1000,simd-soa+conv,12,0.778076
dot,1000,simd-soa+conv,13,0.765454
dot,1000,simd-soa+conv,14,0.909668
dot,1000,simd-soa+conv,15,0.78623
dot,1000,simd-soa+conv,16,0.783057
dot,1000,simd-soa+conv,17,0.787305
dot,1000,simd-soa+conv,18,0.79729
dot,1000,simd-soa+conv,19,0.781909
dot,1000,simd-soa+conv,20,0.804199
dot,1000,simd-soa+conv,21,0.769434
dot,1000,simd-soa+conv,22,0.780225
dot,1000,simd-soa+conv,23,0.845142
dot,1000,simd-soa+conv,24,0.898096
dot,1000,simd-soa+conv,25,0.893701
dot,1000,simd-soa+conv,26,0.861597
dot,1000,simd-soa+conv,27,0.7927
dot,1000,simd-soa+conv,28,0.792651
dot,1000,simd-soa+conv,29,0.77771
dot,1000,simd-soa+conv,30,0.795386
dot,100000,ref-aos,0,0.594562
dot,100000,ref-aos,1,0.605344
dot,100000,ref-aos,2,0.595609
dot,100000,ref-aos,3,0.649813
dot,100000,ref-aos,4,0.595328
dot,100000,ref-aos,5,0.592938
dot,100000,ref-aos,6,0.606313
dot,100000,ref-aos,7,0.596516
dot,100000,ref-aos,8,0.593844
dot,100000,ref-aos,9,0.595609
dot,100000,ref-aos,10,0.591203
dot,100000,ref-aos,11,0.629578
dot,100000,ref-aos,12,0.6685
dot,100000,ref-aos,13,0.597578
dot,100000,ref-aos,14,0.619719
dot,100000,ref-aos,15,0.631141
dot,100000,ref-aos,16,0.591437
dot,100000,ref-aos,17,0.590125
dot,100000,ref-aos,18,0.675531
dot,100000,ref-aos,19,0.594094
dot,100000,ref-aos,20,0.59475
dot,100000,ref-aos,21,0.596734
dot,100000,ref-aos,22,0.603703
dot,100000,ref-aos,23,0.600313
dot,100000,ref-aos,24,0.593547
dot,100000,ref-aos,25,0.598844
dot,100000,ref-aos,26,0.590609
dot,100000,ref-aos,27,0.592094
dot,100000,ref-aos,28,0.63225
dot,100000,ref-aos,29,0.663078
dot,100000,ref-aos,30,0.596719
dot,100000,simd-aos,0,0.271891
dot,100000,simd-aos,1,0.276555
dot,100000,simd-aos,2,0.27068
dot,100000,simd-aos,3,0.265211
dot,100000,simd-aos,4,0.28693
dot,100000,simd-aos,5,0.287813
dot,100000,simd-aos,6,0.266586
dot,100000,simd-aos,7,0.265273
dot,100000,simd-aos,8,0.266211
dot,100000,simd-aos,9,0.265477
dot,100000,simd-aos,10,0.268094
dot,100000,simd-aos,11,0.267125
dot,100000,simd-aos,12,0.267273
dot,100000,simd-aos,13,0.266281
dot,100000,simd-aos,14,0.286141
dot,100000,simd-aos,15,0.266406
dot,100000,simd-aos,16,0.265437
dot,100000,simd-aos,17,0.265328
dot,100000,simd-aos,18,0.266437
dot,100000,simd-aos,19,0.27043
dot,100000,simd-aos,20,0.272531
dot,100000,simd-aos,21,0.264859
dot,100000,simd-aos,22,0.266313
dot,100000,simd-aos,23,0.272055
dot,100000,simd-aos,24,0.265227
dot,100000,simd-aos,25,0.266828
dot,100000,simd-aos,26,0.266211
dot,100000,simd-aos,27,0.293508
dot,100000,simd-aos,28,0.264969
dot,100000,simd-aos,29,0.26418
dot,100000,simd-aos,30,0.264594
dot,100000,asm-aos,0,0.587797
dot,100000,asm-aos,1,0.58775
dot,100000,asm-aos,2,0.671281
dot,100000,asm-aos,3,0.590375
dot,100000,asm-aos,4,0.589141
dot,100000,asm-aos,5,0.5925
dot,100000,asm-aos,6,0.604219
dot,100000,asm-aos,7,0.589453
dot,100000,asm-aos,8,0.589578
dot,100000,asm-aos,9,0.608203
dot,100000,asm-aos,10,0.594016
dot,100000,asm-aos,11,0.592672
dot,100000,asm-aos,12,0.594125
dot,100000,asm-aos,13,0.601203
dot,100000,asm-aos,14,0.615672
dot,100000,asm-aos,15,0.589219
dot,100000,asm-aos,16,0.626594
dot,100000,asm-aos,17,0.590578
dot,100000,asm-aos,18,0.593719
dot,100000,asm-aos,19,0.594078
dot,100000,asm-aos,20,0.59225
dot,100000,asm-aos,21,0.591703
dot,100000,asm-aos,22,0.597219
dot,100000,asm-aos,23,0.59225
dot,100000,asm-aos,24,0.589828
dot,100000,asm-aos,25,0.589859
dot,100000,asm-aos,26,0.622891
dot,100000,asm-aos,27,0.590656
dot,100000,asm-aos,28,0.588437
dot,100000,asm-aos,29,0.589719
dot,100000,asm-aos,30,0.609859
dot,100000,ref-soa,0,0.217945
dot,100000,ref-soa,1,0.219086
dot,100000,ref-soa,2,0.21982
dot,100000,ref-soa,3,0.219312
dot,100000,ref-soa,4,0.218336
dot,100000,ref-soa,5,0.216984
dot,100000,ref-soa,6,0.217969
dot,100000,ref-soa,7,0.239094
dot,100000,ref-soa,8,0.219523
dot,100000,ref-soa,9,0.218227
dot,100000,ref-soa,10,0.2505
dot,100000,ref-soa,11,0.21807
dot,100000,ref-soa,12,0.220695
dot,100000,ref-soa,13,0.217406
dot,100000,ref-soa,14,0.219852
dot,100000,ref-soa,15,0.216438
dot,100000,ref-soa,16,0.216555
dot,100000,ref-soa,17,0.217578
dot,100000,ref-soa,18,0.219828
dot,100000,ref-soa,19,0.216398
dot,100000,ref-soa,20,0.217734
dot,100000,ref-soa,21,0.218664
dot,100000,ref-soa,22,0.215859
dot,100000,ref-soa,23,0.218633
dot,100000,ref-soa,24,0.218906
dot,100000,ref-soa,25,0.218305
dot,100000,ref-soa,26,0.217312
dot,100000,ref-soa,27,0.216836
dot,100000,ref-soa,28,0.217172
dot,100000,ref-soa,29,0.219961
dot,100000,ref-soa,30,0.213578
dot,100000,simd-soa,0,0.284742
dot,100000,simd-soa,1,0.225102
dot,100000,simd-soa,2,0.216875
dot,100000,simd-soa,3,0.217016
dot,100000,simd-soa,4,0.21782
dot,100000,simd-soa,5,0.262508
dot,100000,simd-soa,6,0.216766
dot,100000,simd-soa,7,0.216508
dot,100000,simd-soa,8,0.218969
dot,100000,simd-soa,9,0.220844
dot,100000,simd-soa,10,0.22018
dot,100000,simd-soa,11,0.217211
dot,100000,simd-soa,12,0.216953
dot,100000,simd-soa,13,0.219539
dot,100000,simd-soa,14,0.218055
dot,100000,simd-soa,15,0.216984
dot,100000,simd-soa,16,0.253422
dot,100000,simd-soa,17,0.218219
dot,100000,simd-soa,18,0.217391
dot,100000,simd-soa,19,0.217602
dot,100000,simd-soa,20,0.216188
dot,100000,simd-soa,21,0.216766
dot,100000,simd-soa,22,0.219359
dot,100000,simd-soa,23,0.217055
dot,100000,simd-soa,24,0.216352
dot,100000,simd-soa,25,0.217727
dot,100000,simd-soa,26,0.216586
dot,100000,simd-soa,27,0.221641
dot,100000,simd-soa,28,0.216109
dot,100000,simd-soa,29,0.21693
dot,100000,simd-soa,30,0.217266
dot,100000,simd-soa+conv,0,0.916656
dot,100000,simd-soa+conv,1,0.896
dot,100000,simd-soa+conv,2,0.895687
dot,100000,simd-soa+conv,3,0.898656
dot,100000,simd-soa+conv,4,0.931594
dot,100000,simd-soa+conv,5,0.907813
dot,100000,simd-soa+conv,6,0.89775
dot,100000,simd-soa+conv,7,0.900625
dot,100000,simd-soa+conv,8,0.896
dot,100000,simd-soa+conv,9,0.935906
dot,100000,simd-soa+conv,10,0.966562
dot,100000,simd-soa+conv,11,0.900656
dot,100000,simd-soa+conv,12,0.890344
dot,100000,simd-soa+conv,13,0.896406
dot,100000,simd-soa+conv,14,0.872125
dot,100000,simd-soa+conv,15,0.906656
dot,100000,simd-soa+conv,16,0.891687
dot,100000,simd-soa+conv,17,0.89175
dot,100000,simd-soa+conv,18,0.900906
dot,100000,simd-soa+conv,19,0.892594
dot,100000,simd-soa+conv,20,0.923656
dot,100000,simd-soa+conv,21,0.902906
dot,100000,simd-soa+conv,22,0.896344
dot,100000,simd-soa+conv,23,0.906312
dot,100000,simd-soa+conv,24,0.896969
dot,100000,simd-soa+conv,25,0.998844
dot,100000,simd-soa+conv,26,0.85375
dot,100000,simd-soa+conv,27,0.959969
dot,100000,simd-soa+conv,28,1.00775
dot,100000,simd-soa+conv,29,0.905375
dot,100000,simd-soa+conv,30,0.903
dot,4000000,ref-aos,0,0.6407
dot,4000000,ref-aos,1,0.691075
dot,4000000,ref-aos,2,0.719675
dot,4000000,ref-aos,3,0.641325
dot,4000000,ref-aos,4,0.6676
dot,4000000,ref-aos,5,0.683125
dot,4000000,ref-aos,6,0.739775
dot,4000000,ref-aos,7,0.6475
dot,4000000,ref-aos,8,0.660725
dot,4000000,ref-aos,9,0.6435
dot,4000000,ref-aos,10,0.639225
dot,4000000,ref-aos,11,0.650275
dot,4000000,ref-aos,12,0.64225
dot,4000000,ref-aos,13,0.6708
dot,4000000,ref-aos,14,0.65005
dot,4000000,ref-aos,15,0.647825
dot,4000000,ref-aos,16,0.643125
dot,4000000,ref-aos,17,0.641325
dot,4000000,ref-aos,18,0.736175
dot,4000000,ref-aos,19,0.70005
dot,4000000,ref-aos,20,0.64405
dot,4000000,ref-aos,21,0.655875
dot,4000000,ref-aos,22,0.73175
dot,4000000,ref-aos,23,0.657025
dot,4000000,ref-aos,24,0.6532
dot,4000000,ref-aos,25,0.748975
dot,4000000,ref-aos,26,0.7193
dot,4000000,ref-aos,27,0.64925
dot,4000000,ref-aos,28,0.64675
dot,4000000,ref-aos,29,0.6411
dot,4000000,ref-aos,30,0.649175
dot,4000000,simd-aos,0,0.397612
dot,4000000,simd-aos,1,0.418938
dot,4000000,simd-aos,2,0.368638
dot,4000000,simd-aos,3,0.405012
dot,4000000,simd-aos,4,0.390962
dot,4000000,simd-aos,5,0.3853
dot,4000000,simd-aos,6,0.372675
dot,4000000,simd-aos,7,0.396462
dot,4000000,simd-aos,8,0.392637
dot,4000000,simd-aos,9,0.387825
dot,4000000,simd-aos,10,0.408562
dot,4000000,simd-aos,11,0.38675
dot,4000000,simd-aos,12,0.37965
dot,4000000,simd-aos,13,0.392738
dot,4000000,simd-aos,14,0.468263
dot,4000000,simd-aos,15,0.382175
dot,4000000,simd-aos,16,0.372663
dot,4000000,simd-aos,17,0.383588
dot,4000000,simd-aos,18,0.450037
dot,4000000,simd-aos,19,0.427237
dot,4000000,simd-aos,20,0.39975
dot,4000000,simd-aos,21,1.08996
dot,4000000,simd-aos,22,0.4728
dot,4000000,simd-aos,23,0.485837
dot,4000000,simd-aos,24,0.43345
dot,4000000,simd-aos,25,0.422275
dot,4000000,simd-aos,26,0.378713
dot,4000000,simd-aos,27,0.41115
dot,4000000,simd-aos,28,0.44285
dot,4000000,simd-aos,29,0.4068
dot,4000000,simd-aos,30,0.3977
dot,4000000,asm-aos,0,0.661475
dot,4000000,asm-aos,1,0.648975
dot,4000000,asm-aos,2,0.650775
dot,4000000,asm-aos,3,0.67175
dot,4000000,asm-aos,4,0.660875
dot,4000000,asm-aos,5,0.644575
dot,4000000,asm-aos,6,0.659525
dot,4000000,asm-aos,7,0.64275
dot,4000000,asm-aos,8,0.664175
dot,4000000,asm-aos,9,0.6486
dot,4000000,asm-aos,10,0.6423
dot,4000000,asm-aos,11,0.642125
dot,4000000,asm-aos,12,0.64215
dot,4000000,asm-aos,13,0.688975
dot,4000000,asm-aos,14,0.65825
dot,4000000,asm-aos,15,0.643175
dot,4000000,asm-aos,16,0.64365
dot,4000000,asm-aos,17,0.659825
dot,4000000,asm-aos,18,0.754125
dot,4000000,asm-aos,19,0.656675
dot,4000000,asm-aos,20,0.642825
dot,4000000,asm-aos,21,0.6412
dot,4000000,asm-aos,22,0.64135
dot,4000000,asm-aos,23,0.645925
dot,4000000,asm-aos,24,0.647975
dot,4000000,asm-aos,25,0.643875
dot,4000000,asm-aos,26,0.645725
dot,4000000,asm-aos,27,0.641625
dot,4000000,asm-aos,28,0.6397
dot,4000000,asm-aos,29,0.642425
dot,4000000,asm-aos,30,0.63915
dot,4000000,ref-soa,0,0.380437
dot,4000000,ref-soa,1,0.346288
dot,4000000,ref-soa,2,0.33785
dot,4000000,ref-soa,3,0.34835
dot,4000000,ref-soa,4,0.3713
dot,4000000,ref-soa,5,0.358837
dot,4000000,ref-soa,6,0.344463
dot,4000000,ref-soa,7,0.3409
dot,4000000,ref-soa,8,0.345187
dot,4000000,ref-soa,9,0.357875
dot,4000000,ref-soa,10,0.349775
dot,4000000,ref-soa,11,0.346975
dot,4000000,ref-soa,12,0.344413
dot,4000000,ref-soa,13,0.354837
dot,4000000,ref-soa,14,0.368812
dot,4000000,ref-soa,15,0.3581
dot,4000000,ref-soa,16,0.3591
dot,4000000,ref-soa,17,0.38365
dot,4000000,ref-soa,18,0.38775
dot,4000000,ref-soa,19,0.3736
dot,4000000,ref-soa,20,0.359075
dot,4000000,ref-soa,21,0.356837
dot,4000000,ref-soa,22,0.376262
dot,4000000,ref-soa,23,0.407413
dot,4000000,ref-soa,24,0.364975
dot,4000000,ref-soa,25,0.363463
dot,4000000,ref-soa,26,0.367525
dot,4000000,ref-soa,27,0.404463
dot,4000000,ref-soa,28,0.373362
dot,4000000,ref-soa,29,0.361
dot,4000000,ref-soa,30,0.348438
dot,4000000,simd-soa,0,0.371225
dot,4000000,simd-soa,1,0.378638
dot,4000000,simd-soa,2,0.3753
dot,4000000,simd-soa,3,0.372588
dot,4000000,simd-soa,4,0.37095
dot,4000000,simd-soa,5,0.391175
dot,4000000,simd-soa,6,0.396288
dot,4000000,simd-soa,7,0.387675
dot,4000000,simd-soa,8,0.365588
dot,4000000,simd-soa,9,0.366762
dot,4000000,simd-soa,10,0.371525
dot,4000000,simd-soa,11,0.383437
dot,4000000,simd-soa,12,0.373088
dot,4000000,simd-soa,13,0.364187
dot,4000000,simd-soa,14,0.3664
dot,4000000,simd-soa,15,0.368613
dot,4000000,simd-soa,16,0.3778
dot,4000000,simd-soa,17,0.38825
dot,4000000,simd-soa,18,0.360575
dot,4000000,simd-soa,19,0.371538
dot,4000000,simd-soa,20,0.372063
dot,4000000,simd-soa,21,0.370412
dot,4000000,simd-soa,22,0.369613
dot,4000000,simd-soa,23,0.373825
dot,4000000,simd-soa,24,0.374675
dot,4000000,simd-soa,25,0.423825
dot,4000000,simd-soa,26,0.370387
dot,4000000,simd-soa,27,0.369725
dot,4000000,simd-soa,28,0.382475
dot,4000000,simd-soa,29,0.395738
dot,4000000,simd-soa,30,0.371875
dot,4000000,simd-soa+conv,0,1.92778
dot,4000000,simd-soa+conv,1,1.82567
dot,4000000,simd-soa+conv,2,1.8168
dot,4000000,simd-soa+conv,3,1.84803
dot,4000000,simd-soa+conv,4,1.89047
dot,4000000,simd-soa+conv,5,1.78335
dot,4000000,simd-soa+conv,6,1.84745
dot,4000000,simd-soa+conv,7,1.77713
dot,4000000,simd-soa+conv,8,1.81583
dot,4000000,simd-soa+conv,9,1.7865
dot,4000000,simd-soa+conv,10,1.7693
dot,4000000,simd-soa+conv,11,1.87435
dot,4000000,simd-soa+conv,12,1.8788
dot,4000000,simd-soa+conv,13,1.81072
dot,4000000,simd-soa+conv,14,1.81225
dot,4000000,simd-soa+conv,15,1.84258
dot,4000000,simd-soa+conv,16,1.83577
dot,4000000,simd-soa+conv,17,1.80222
dot,4000000,simd-soa+conv,18,1.78973
dot,4000000,simd-soa+conv,19,1.81587
dot,4000000,simd-soa+conv,20,1.81498
dot,4000000,simd-soa+conv,21,1.84815
dot,4000000,simd-soa+conv,22,1.78527
dot,4000000,simd-soa+conv,23,1.8454
dot,4000000,simd-soa+conv,24,1.81727
dot,4000000,simd-soa+conv,25,1.83603
dot,4000000,simd-soa+conv,26,1.80993
dot,4000000,simd-soa+conv,27,1.7935
dot,4000000,simd-soa+conv,28,1.88973
dot,4000000,simd-soa+conv,29,1.79798
dot,4000000,simd-soa+conv,30,1.85085
normalize,10,ref-aos,0,3.62869
normalize,10,ref-aos,1,3.59436
normalize,10,ref-aos,2,3.59146
normalize,10,ref-aos,3,3.59589
normalize,10,ref-aos,4,3.61115
normalize,10,ref-aos,5,3.59421
normalize,10,ref-aos,6,4.32465
normalize,10,ref-aos,7,4.46533
normalize,10,ref-aos,8,3.59451
normalize,10,ref-aos,9,3.59604
normalize,10,ref-aos,10,3.59512
normalize,10,ref-aos,11,3.60992
normalize,10,ref-aos,12,3.60382
normalize,10,ref-aos,13,3.59482
normalize,10,ref-aos,14,3.59833
normalize,10,ref-aos,15,3.59344
normalize,10,ref-aos,16,3.59222
normalize,10,ref-aos,17,3.6026
normalize,10,ref-aos,18,3.59741
normalize,10,ref-aos,19,3.73184
normalize,10,ref-aos,20,3.59573
normalize,10,ref-aos,21,3.63693
normalize,10,ref-aos,22,3.59711
normalize,10,ref-aos,23,3.59573
normalize,10,ref-aos,24,3.59421
normalize,10,ref-aos,25,4.13483
normalize,10,ref-aos,26,3.61618
normalize,10,ref-aos,27,3.60199
normalize,10,ref-aos,28,3.59604
normalize,10,ref-aos,29,3.59512
normalize,10,ref-aos,30,3.61084
normalize,10,simd-aos,0,1.05236
normalize,10,simd-aos,1,1.0524
normalize,10,simd-aos,2,1.05316
normalize,10,simd-aos,3,1.05194
normalize,10,simd-aos,4,1.16905
normalize,10,simd-aos,5,1.06483
normalize,10,simd-aos,6,1.06544
normalize,10,simd-aos,7,1.11889
normalize,10,simd-aos,8,1.06617
normalize,10,simd-aos,9,1.05179
normalize,10,simd-aos,10,1.0717
normalize,10,simd-aos,11,1.06518
normalize,10,simd-aos,12,1.05133
normalize,10,simd-aos,13,1.05408
normalize,10,simd-aos,14,1.06541
normalize,10,simd-aos,15,1.05293
normalize,10,simd-aos,16,1.06285
normalize,10,simd-aos,17,1.13556
normalize,10,simd-aos,18,1.07315
normalize,10,simd-aos,19,1.07124
normalize,10,simd-aos,20,1.05267
normalize,10,simd-aos,21,1.05278
normalize,10,simd-aos,22,1.05236
normalize,10,simd-aos,23,1.05091
normalize,10,simd-aos,24,1.14948
normalize,10,simd-aos,25,1.05465
normalize,10,simd-aos,26,1.05339
normalize,10,simd-aos,27,1.05122
normalize,10,simd-aos,28,1.05186
normalize,10,simd-aos,29,1.05114
normalize,10,simd-aos,30,1.05839
normalize,10,ref-soa,0,4.11789
normalize,10,ref-soa,1,4.11987
normalize,10,ref-soa,2,4.12521
normalize,10,ref-soa,3,4.11865
normalize,10,ref-soa,4,4.12262
normalize,10,ref-soa,5,4.13437
normalize,10,ref-soa,6,4.17145
normalize,10,ref-soa,7,4.13666
normalize,10,ref-soa,8,4.12216
normalize,10,ref-soa,9,4.12323
normalize,10,ref-soa,10,4.11758
normalize,10,ref-soa,11,4.11224
normalize,10,ref-soa,12,4.12537
normalize,10,ref-soa,13,4.11118
normalize,10,ref-soa,14,4.12109
normalize,10,ref-soa,15,4.14658
normalize,10,ref-soa,16,4.11392
normalize,10,ref-soa,17,4.1214
normalize,10,ref-soa,18,4.17236
normalize,10,ref-soa,19,4.12888
normalize,10,ref-soa,20,4.11469
normalize,10,ref-soa,21,4.11514
normalize,10,ref-soa,22,4.11865
normalize,10,ref-soa,23,4.14383
normalize,10,ref-soa,24,4.12964
normalize,10,ref-soa,25,4.12003
normalize,10,ref-soa,26,4.12537
normalize,10,ref-soa,27,4.11057
normalize,10,ref-soa,28,4.12552
normalize,10,ref-soa,29,4.61685
normalize,10,ref-soa,30,4.814
normalize,10,simd-soa,0,1.20346
normalize,10,simd-soa,1,1.14086
normalize,10,simd-soa,2,1.14437
normalize,10,simd-soa,3,1.15162
normalize,10,simd-soa,4,1.16161
normalize,10,simd-soa,5,1.15364
normalize,10,simd-soa,6,1.14632
normalize,10,simd-soa,7,1.15196
normalize,10,simd-soa,8,1.15143
normalize,10,simd-soa,9,1.14292
normalize,10,simd-soa,10,1.14742
normalize,10,simd-soa,11,1.14475
normalize,10,simd-soa,12,1.14338
normalize,10,simd-soa,13,1.14983
normalize,10,simd-soa,14,1.14796
normalize,10,simd-soa,15,1.14883
normalize,10,simd-soa,16,1.15063
normalize,10,simd-soa,17,1.14452
normalize,10,simd-soa,18,1.15093
normalize,10,simd-soa,19,1.14799
normalize,10,simd-soa,20,1.24718
normalize,10,simd-soa,21,1.26255
normalize,10,simd-soa,22,1.16001
normalize,10,simd-soa,23,1.15498
normalize,10,simd-soa,24,1.15147
normalize,10,simd-soa,25,1.34529
normalize,10,simd-soa,26,1.15253
normalize,10,simd-soa,27,1.14506
normalize,10,simd-soa,28,1.14433
normalize,10,simd-soa,29,1.14681
normalize,10,simd-soa,30,1.15284
normalize,10,simd-soa+conv,0,2.72667
normalize,10,simd-soa+conv,1,2.7816
normalize,10,simd-soa+conv,2,2.77115
normalize,10,simd-soa+conv,3,2.74765
normalize,10,simd-soa+conv,4,2.7475
normalize,10,simd-soa+conv,5,2.76222
normalize,10,simd-soa+conv,6,2.76367
normalize,10,simd-soa+conv,7,2.72057
normalize,10,simd-soa+conv,8,2.76825
normalize,10,simd-soa+conv,9,2.76833
normalize,10,simd-soa+conv,10,2.74498
normalize,10,simd-soa+conv,11,3.21327
normalize,10,simd-soa+conv,12,2.75536
normalize,10,simd-soa+conv,13,2.75177
normalize,10,simd-soa+conv,14,2.85988
normalize,10,simd-soa+conv,15,3.25089
normalize,10,simd-soa+conv,16,2.72041
normalize,10,simd-soa+conv,17,2.8096
normalize,10,simd-soa+conv,18,2.73483
normalize,10,simd-soa+conv,19,3.33305
normalize,10,simd-soa+conv,20,2.94678
normalize,10,simd-soa+conv,21,2.73376
normalize,10,simd-soa+conv,22,2.79579
normalize,10,simd-soa+conv,23,2.99049
normalize,10,simd-soa+conv,24,2.79495
normalize,10,simd-soa+conv,25,2.79625
normalize,10,simd-soa+conv,26,2.743
normalize,10,simd-soa+conv,27,2.76611
normalize,10,simd-soa+conv,28,2.77107
normalize,10,simd-soa+conv,29,2.77374
normalize,10,simd-soa+conv,30,2.77664
normalize,10,simd-aos-approx,0,0.602989
normalize,10,simd-aos-approx,1,0.60297
normalize,10,simd-aos-approx,2,0.602303
normalize,10,simd-aos-approx,3,0.605278
normalize,10,simd-aos-approx,4,0.606709
normalize,10,simd-aos-approx,5,0.709248
normalize,10,simd-aos-approx,6,0.602589
normalize,10,simd-aos-approx,7,0.604343
normalize,10,simd-aos-approx,8,0.606041
normalize,10,simd-aos-approx,9,0.603123
normalize,10,simd-aos-approx,10,0.602894
normalize,10,simd-aos-approx,11,0.602589
normalize,10,simd-aos-approx,12,0.603981
normalize,10,simd-aos-approx,13,0.604839
normalize,10,simd-aos-approx,14,0.602589
normalize,10,simd-aos-approx,15,0.606728
normalize,10,simd-aos-approx,16,0.603142
normalize,10,simd-aos-approx,17,0.606632
normalize,10,simd-aos-approx,18,0.719471
normalize,10,simd-aos-approx,19,0.602646
normalize,10,simd-aos-approx,20,0.603313
normalize,10,simd-aos-approx,21,0.603886
normalize,10,simd-aos-approx,22,0.606251
normalize,10,simd-aos-approx,23,0.603065
normalize,10,simd-aos-approx,24,0.605812
normalize,10,simd-aos-approx,25,0.602512
normalize,10,simd-aos-approx,26,0.60421
normalize,10,simd-aos-approx,27,0.681877
normalize,10,simd-aos-approx,28,0.603466
normalize,10,simd-aos-approx,29,0.603313
normalize,10,simd-aos-approx,30,0.603352
normalize,1000,ref-aos,0,3.45029
normalize,1000,ref-aos,1,3.46533
normalize,1000,ref-aos,2,3.44854
normalize,1000,ref-aos,3,3.44326
normalize,1000,ref-aos,4,3.44521
normalize,1000,ref-aos,5,3.4498
normalize,1000,ref-aos,6,3.47861
normalize,1000,ref-aos,7,3.44805
normalize,1000,ref-aos,8,3.44502
normalize,1000,ref-aos,9,3.45107
normalize,1000,ref-aos,10,3.44746
normalize,1000,ref-aos,11,3.44668
normalize,1000,ref-aos,12,3.44551
normalize,1000,ref-aos,13,3.44824
normalize,1000,ref-aos,14,3.44355
normalize,1000,ref-aos,15,3.4458
normalize,1000,ref-aos,16,3.44648
normalize,1000,ref-aos,17,3.45527
normalize,1000,ref-aos,18,3.45312
normalize,1000,ref-aos,19,3.4459
normalize,1000,ref-aos,20,3.44658
normalize,1000,ref-aos,21,3.44697
normalize,1000,ref-aos,22,3.44727
normalize,1000,ref-aos,23,3.45752
normalize,1000,ref-aos,24,3.8665
normalize,1000,ref-aos,25,3.44609
normalize,1000,ref-aos,26,3.45576
normalize,1000,ref-aos,27,3.44365
normalize,1000,ref-aos,28,3.4457
normalize,1000,ref-aos,29,3.44434
normalize,1000,ref-aos,30,3.44844
normalize,1000,simd-aos,0,0.703687
normalize,1000,simd-aos,1,0.703564
normalize,1000,simd-aos,2,0.759424
normalize,1000,simd-aos,3,0.762695
normalize,1000,simd-aos,4,0.703516
normalize,1000,simd-aos,5,0.705054
normalize,1000,simd-aos,6,0.819653
normalize,1000,simd-aos,7,0.710303
normalize,1000,simd-aos,8,0.703394
normalize,1000,simd-aos,9,0.704297
normalize,1000,simd-aos,10,0.704492
normalize,1000,simd-aos,11,0.703955
normalize,1000,simd-aos,12,0.703345
normalize,1000,simd-aos,13,0.703931
normalize,1000,simd-aos,14,0.703467
normalize,1000,simd-aos,15,0.704419
normalize,1000,simd-aos,16,0.703223
normalize,1000,simd-aos,17,0.703589
normalize,1000,simd-aos,18,0.704395
normalize,1000,simd-aos,19,0.70979
normalize,1000,simd-aos,20,0.71228
normalize,1000,simd-aos,21,0.703906
normalize,1000,simd-aos,22,0.704175
normalize,1000,simd-aos,23,0.703198
normalize,1000,simd-aos,24,0.703931
normalize,1000,simd-aos,25,0.703857
normalize,1000,simd-aos,26,0.703931
normalize,1000,simd-aos,27,0.703687
normalize,1000,simd-aos,28,0.703027
normalize,1000,simd-aos,29,0.713403
normalize,1000,simd-aos,30,0.706177
normalize,1000,ref-soa,0,3.94121
normalize,1000,ref-soa,1,3.94395
normalize,1000,ref-soa,2,3.95078
normalize,1000,ref-soa,3,3.9373
normalize,1000,ref-soa,4,3.9373
normalize,1000,ref-soa,5,3.95977
normalize,1000,ref-soa,6,3.97969
normalize,1000,ref-soa,7,3.93281
normalize,1000,ref-soa,8,3.94316
normalize,1000,ref-soa,9,3.93984
normalize,1000,ref-soa,10,3.95039
normalize,1000,ref-soa,11,3.94512
normalize,1000,ref-soa,12,3.94316
normalize,1000,ref-soa,13,3.9416
normalize,1000,ref-soa,14,3.93477
normalize,1000,ref-soa,15,3.94434
normalize,1000,ref-soa,16,3.94766
normalize,1000,ref-soa,17,3.94687
normalize,1000,ref-soa,18,3.94121
normalize,1000,ref-soa,19,3.93594
normalize,1000,ref-soa,20,3.94102
normalize,1000,ref-soa,21,3.94551
normalize,1000,ref-soa,22,3.94238
normalize,1000,ref-soa,23,3.96113
normalize,1000,ref-soa,24,3.94668
normalize,1000,ref-soa,25,3.9498
normalize,1000,ref-soa,26,3.94219
normalize,1000,ref-soa,27,3.94121
normalize,1000,ref-soa,28,3.93516
normalize,1000,ref-soa,29,3.94102
normalize,1000,ref-soa,30,3.94414
normalize,1000,simd-soa,0,0.573511
normalize,1000,simd-soa,1,0.573706
normalize,1000,simd-soa,2,0.576465
normalize,1000,simd-soa,3,0.573486
normalize,1000,simd-soa,4,0.57356
normalize,1000,simd-soa,5,0.573584
normalize,1000,simd-soa,6,0.573584
normalize,1000,simd-soa,7,0.573877
normalize,1000,simd-soa,8,0.573706
normalize,1000,simd-soa,9,0.583472
normalize,1000,simd-soa,10,0.577051
normalize,1000,simd-soa,11,0.573804
normalize,1000,simd-soa,12,0.57356
normalize,1000,simd-soa,13,0.573511
normalize,1000,simd-soa,14,0.613867
normalize,1000,simd-soa,15,0.673193
normalize,1000,simd-soa,16,0.712207
normalize,1000,simd-soa,17,0.573438
normalize,1000,simd-soa,18,0.573413
normalize,1000,simd-soa,19,0.573413
normalize,1000,simd-soa,20,0.573633
normalize,1000,simd-soa,21,0.575
normalize,1000,simd-soa,22,0.582788
normalize,1000,simd-soa,23,0.574194
normalize,1000,simd-soa,24,0.574292
normalize,1000,simd-soa,25,0.573706
normalize,1000,simd-soa,26,0.573462
normalize,1000,simd-soa,27,0.575952
normalize,1000,simd-soa,28,0.573804
normalize,1000,simd-soa,29,0.818579
normalize,1000,simd-soa,30,0.574731
normalize,1000,simd-soa+conv,0,1.23213
normalize,1000,simd-soa+conv,1,1.23677
normalize,1000,simd-soa+conv,2,1.23408
normalize,1000,simd-soa+conv,3,1.24214
normalize,1000,simd-soa+conv,4,1.24106
normalize,1000,simd-soa+conv,5,1.24263
normalize,1000,simd-soa+conv,6,1.24053
normalize,1000,simd-soa+conv,7,1.23569
normalize,1000,simd-soa+conv,8,1.23472
normalize,1000,simd-soa+conv,9,1.23657
normalize,1000,simd-soa+conv,10,1.23501
normalize,1000,simd-soa+conv,11,1.2415
normalize,1000,simd-soa+conv,12,1.23691
normalize,1000,simd-soa+conv,13,1.23359
normalize,1000,simd-soa+conv,14,1.23501
normalize,1000,simd-soa+conv,15,1.23989
normalize,1000,simd-soa+conv,16,1.23506
normalize,1000,simd-soa+conv,17,1.26123
normalize,1000,simd-soa+conv,18,1.24458
normalize,1000,simd-soa+conv,19,1.2335
normalize,1000,simd-soa+conv,20,1.24297
normalize,1000,simd-soa+conv,21,1.24287
normalize,1000,simd-soa+conv,22,1.23369
normalize,1000,simd-soa+conv,23,1.23569
normalize,1000,simd-soa+conv,24,1.23721
normalize,1000,simd-soa+conv,25,1.24814
normalize,1000,simd-soa+conv,26,1.4459
normalize,1000,simd-soa+conv,27,1.24116
normalize,1000,simd-soa+conv,28,1.23638
normalize,1000,simd-soa+conv,29,1.23574
normalize,1000,simd-soa+conv,30,1.23735
normalize,1000,simd-aos-approx,0,0.476343
normalize,1000,simd-aos-approx,1,0.476648
normalize,1000,simd-aos-approx,2,0.47627
normalize,1000,simd-aos-approx,3,0.478516
normalize,1000,simd-aos-approx,4,0.476379
normalize,1000,simd-aos-approx,5,0.476538
normalize,1000,simd-aos-approx,6,0.479797
normalize,1000,simd-aos-approx,7,0.476819
normalize,1000,simd-aos-approx,8,0.476514
normalize,1000,simd-aos-approx,9,0.477051
normalize,1000,simd-aos-approx,10,0.476611
normalize,1000,simd-aos-approx,11,0.476282
normalize,1000,simd-aos-approx,12,0.476025
normalize,1000,simd-aos-approx,13,0.478333
normalize,1000,simd-aos-approx,14,0.476428
normalize,1000,simd-aos-approx,15,0.478027
normalize,1000,simd-aos-approx,16,0.477478
normalize,1000,simd-aos-approx,17,0.476526
normalize,1000,simd-aos-approx,18,0.476843
normalize,1000,simd-aos-approx,19,0.476233
normalize,1000,simd-aos-approx,20,0.47677
normalize,1000,simd-aos-approx,21,0.476379
normalize,1000,simd-aos-approx,22,0.476306
normalize,1000,simd-aos-approx,23,0.476428
normalize,1000,simd-aos-approx,24,0.510486
normalize,1000,simd-aos-approx,25,0.513892
normalize,1000,simd-aos-approx,26,0.476697
normalize,1000,simd-aos-approx,27,0.476392
normalize,1000,simd-aos-approx,28,0.477039
normalize,1000,simd-aos-approx,29,0.476709
normalize,1000,simd-aos-approx,30,0.476501
normalize,100000,ref-aos,0,3.451
normalize,100000,ref-aos,1,3.45225
normalize,100000,ref-aos,2,3.44963
normalize,100000,ref-aos,3,3.45375
normalize,100000,ref-aos,4,3.44588
normalize,100000,ref-aos,5,3.451
normalize,100000,ref-aos,6,3.44775
normalize,100000,ref-aos,7,3.44937
normalize,100000,ref-aos,8,3.451
normalize,100000,ref-aos,9,3.44537
normalize,100000,ref-aos,10,3.452
normalize,100000,ref-aos,11,3.44625
normalize,100000,ref-aos,12,3.45475
normalize,100000,ref-aos,13,3.44525
normalize,100000,ref-aos,14,3.45237
normalize,100000,ref-aos,15,3.44687
normalize,100000,ref-aos,16,3.47737
normalize,100000,ref-aos,17,3.46963
normalize,100000,ref-aos,18,3.46575
normalize,100000,ref-aos,19,3.44563
normalize,100000,ref-aos,20,3.44912
normalize,100000,ref-aos,21,3.44588
normalize,100000,ref-aos,22,3.45125
normalize,100000,ref-aos,23,3.85113
normalize,100000,ref-aos,24,3.46875
normalize,100000,ref-aos,25,3.44925
normalize,100000,ref-aos,26,3.45312
normalize,100000,ref-aos,27,3.46787
normalize,100000,ref-aos,28,3.47975
normalize,100000,ref-aos,29,3.44875
normalize,100000,ref-aos,30,3.44762
normalize,100000,simd-aos,0,0.710812
normalize,100000,simd-aos,1,0.811531
normalize,100000,simd-aos,2,0.766344
normalize,100000,simd-aos,3,0.705125
normalize,100000,simd-aos,4,0.705
normalize,100000,simd-aos,5,0.722906
normalize,100000,simd-aos,6,0.706594
normalize,100000,simd-aos,7,0.704438
normalize,100000,simd-aos,8,0.70375
normalize,100000,simd-aos,9,0.704313
normalize,100000,simd-aos,10,0.703906
normalize,100000,simd-aos,11,0.820531
normalize,100000,simd-aos,12,0.777875
normalize,100000,simd-aos,13,0.704281
normalize,100000,simd-aos,14,0.703219
normalize,100000,simd-aos,15,0.703531
normalize,100000,simd-aos,16,0.703156
normalize,100000,simd-aos,17,0.703656
normalize,100000,simd-aos,18,0.706313
normalize,100000,simd-aos,19,0.704031
normalize,100000,simd-aos,20,0.704156
normalize,100000,simd-aos,21,0.703469
normalize,100000,simd-aos,22,0.703469
normalize,100000,simd-aos,23,0.835031
normalize,100000,simd-aos,24,0.705781
normalize,100000,simd-aos,25,0.704844
normalize,100000,simd-aos,26,0.7065
normalize,100000,simd-aos,27,0.703781
normalize,100000,simd-aos,28,0.719594
normalize,100000,simd-aos,29,0.708187
normalize,100000,simd-aos,30,0.708781
normalize,100000,ref-soa,0,3.882
normalize,100000,ref-soa,1,3.9135
normalize,100000,ref-soa,2,3.8905
normalize,100000,ref-soa,3,4.14487
normalize,100000,ref-soa,4,3.98025
normalize,100000,ref-soa,5,4.11838
normalize,100000,ref-soa,6,3.90775
normalize,100000,ref-soa,7,3.90862
normalize,100000,ref-soa,8,3.88963
normalize,100000,ref-soa,9,3.884
normalize,100000,ref-soa,10,3.90362
normalize,100000,ref-soa,11,3.8855
normalize,100000,ref-soa,12,3.892
normalize,100000,ref-soa,13,3.88975
normalize,100000,ref-soa,14,4.51562
normalize,100000,ref-soa,15,3.90987
normalize,100000,ref-soa,16,3.88738
normalize,100000,ref-soa,17,3.8865
normalize,100000,ref-soa,18,3.96175
normalize,100000,ref-soa,19,3.96513
normalize,100000,ref-soa,20,3.88713
normalize,100000,ref-soa,21,3.887
normalize,100000,ref-soa,22,3.93337
normalize,100000,ref-soa,23,4.02225
normalize,100000,ref-soa,24,4.499
normalize,100000,ref-soa,25,3.88625
normalize,100000,ref-soa,26,3.8955
normalize,100000,ref-soa,27,4.53988
normalize,100000,ref-soa,28,3.87775
normalize,100000,ref-soa,29,3.89487
normalize,100000,ref-soa,30,4.181
normalize,100000,simd-soa,0,0.648469
normalize,100000,simd-soa,1,0.645188
normalize,100000,simd-soa,2,0.57725
normalize,100000,simd-soa,3,0.580547
normalize,100000,simd-soa,4,0.626437
normalize,100000,simd-soa,5,0.601922
normalize,100000,simd-soa,6,0.584125
normalize,100000,simd-soa,7,0.581422
normalize,100000,simd-soa,8,0.587875
normalize,100000,simd-soa,9,0.654234
normalize,100000,simd-soa,10,0.582344
normalize,100000,simd-soa,11,0.58125
normalize,100000,simd-soa,12,0.587578
normalize,100000,simd-soa,13,0.647437
normalize,100000,simd-soa,14,0.581812
normalize,100000,simd-soa,15,0.682953
normalize,100000,simd-soa,16,0.589734
normalize,100000,simd-soa,17,0.766781
normalize,100000,simd-soa,18,0.597109
normalize,100000,simd-soa,19,0.587938
normalize,100000,simd-soa,20,0.578844
normalize,100000,simd-soa,21,0.58375
normalize,100000,simd-soa,22,0.580719
normalize,100000,simd-soa,23,0.583625
normalize,100000,simd-soa,24,0.628703
normalize,100000,simd-soa,25,0.63025
normalize,100000,simd-soa,26,0.578922
normalize,100000,simd-soa,27,0.581453
normalize,100000,simd-soa,28,0.581391
normalize,100000,simd-soa,29,0.581937
normalize,100000,simd-soa,30,0.584547
normalize,100000,simd-soa+conv,0,1.27163
normalize,100000,simd-soa+conv,1,1.27238
normalize,100000,simd-soa+conv,2,1.27119
normalize,100000,simd-soa+conv,3,1.27081
normalize,100000,simd-soa+conv,4,1.40725
normalize,100000,simd-soa+conv,5,1.26875
normalize,100000,simd-soa+conv,6,1.27638
normalize,100000,simd-soa+conv,7,1.26719
normalize,100000,simd-soa+conv,8,1.30075
normalize,100000,simd-soa+conv,9,1.27537
normalize,100000,simd-soa+conv,10,1.26875
normalize,100000,simd-soa+conv,11,1.2745
normalize,100000,simd-soa+conv,12,1.26756
normalize,100000,simd-soa+conv,13,1.27019
normalize,100000,simd-soa+conv,14,1.45344
normalize,100000,simd-soa+conv,15,1.28363
normalize,100000,simd-soa+conv,16,1.2735
normalize,100000,simd-soa+conv,17,1.27363
normalize,100000,simd-soa+conv,18,1.27375
normalize,100000,simd-soa+conv,19,1.27313
normalize,100000,simd-soa+conv,20,1.2595
normalize,100000,simd-soa+conv,21,1.28869
normalize,100000,simd-soa+conv,22,1.34675
normalize,100000,simd-soa+conv,23,1.26994
normalize,100000,simd-soa+conv,24,1.26862
normalize,100000,simd-soa+conv,25,1.26731
normalize,100000,simd-soa+conv,26,1.27044
normalize,100000,simd-soa+conv,27,1.38694
normalize,100000,simd-soa+conv,28,1.27913
normalize,100000,simd-soa+conv,29,1.27238
normalize,100000,simd-soa+conv,30,1.27056
normalize,100000,simd-aos-approx,0,0.505406
normalize,100000,simd-aos-approx,1,0.476609
normalize,100000,simd-aos-approx,2,0.476766
normalize,100000,simd-aos-approx,3,0.475594
normalize,100000,simd-aos-approx,4,0.476562
normalize,100000,simd-aos-approx,5,0.479391
normalize,100000,simd-aos-approx,6,0.555672
normalize,100000,simd-aos-approx,7,0.47825
normalize,100000,simd-aos-approx,8,0.48075
normalize,100000,simd-aos-approx,9,0.545094
normalize,100000,simd-aos-approx,10,0.476187
normalize,100000,simd-aos-approx,11,0.475422
normalize,100000,simd-aos-approx,12,0.475094
normalize,100000,simd-aos-approx,13,0.479969
normalize,100000,simd-aos-approx,14,0.475781
normalize,100000,simd-aos-approx,15,0.475062
normalize,100000,simd-aos-approx,16,0.475172
normalize,100000,simd-aos-approx,17,0.475641
normalize,100000,simd-aos-approx,18,0.477094
normalize,100000,simd-aos-approx,19,0.476078
normalize,100000,simd-aos-approx,20,0.475391
normalize,100000,simd-aos-approx,21,0.47975
normalize,100000,simd-aos-approx,22,0.50025
normalize,100000,simd-aos-approx,23,0.484922
normalize,100000,simd-aos-approx,24,0.565578
normalize,100000,simd-aos-approx,25,0.474703
normalize,100000,simd-aos-approx,26,0.491781
normalize,100000,simd-aos-approx,27,0.475594
normalize,100000,simd-aos-approx,28,0.4865
normalize,100000,simd-aos-approx,29,0.475
normalize,100000,simd-aos-approx,30,0.479609
normalize,4000000,ref-aos,0,3.48877
normalize,4000000,ref-aos,1,3.46902
normalize,4000000,ref-aos,2,3.51048
normalize,4000000,ref-aos,3,3.46928
normalize,4000000,ref-aos,4,3.45995
normalize,4000000,ref-aos,5,3.73563
normalize,4000000,ref-aos,6,3.4776
normalize,4000000,ref-aos,7,3.45715
normalize,4000000,ref-aos,8,3.57138
normalize,4000000,ref-aos,9,3.46627
normalize,4000000,ref-aos,10,3.4805
normalize,4000000,ref-aos,11,3.76998
normalize,4000000,ref-aos,12,3.4595
normalize,4000000,ref-aos,13,3.4985
normalize,4000000,ref-aos,14,3.48853
normalize,4000000,ref-aos,15,3.48095
normalize,4000000,ref-aos,16,3.57273
normalize,4000000,ref-aos,17,3.67422
normalize,4000000,ref-aos,18,3.53725
normalize,4000000,ref-aos,19,3.47598
normalize,4000000,ref-aos,20,3.6229
normalize,4000000,ref-aos,21,3.5965
normalize,4000000,ref-aos,22,3.51152
normalize,4000000,ref-aos,23,3.59713
normalize,4000000,ref-aos,24,3.59155
normalize,4000000,ref-aos,25,3.46508
normalize,4000000,ref-aos,26,3.45615
normalize,4000000,ref-aos,27,3.48393
normalize,4000000,ref-aos,28,3.6901
normalize,4000000,ref-aos,29,3.46588
normalize,4000000,ref-aos,30,3.51585
normalize,4000000,simd-aos,0,0.70825
normalize,4000000,simd-aos,1,0.751225
normalize,4000000,simd-aos,2,0.715175
normalize,4000000,simd-aos,3,0.7106
normalize,4000000,simd-aos,4,0.70875
normalize,4000000,simd-aos,5,0.712825
normalize,4000000,simd-aos,6,0.7106
normalize,4000000,simd-aos,7,0.708675
normalize,4000000,simd-aos,8,0.709325
normalize,4000000,simd-aos,9,0.708325
normalize,4000000,simd-aos,10,0.72485
normalize,4000000,simd-aos,11,0.7104
normalize,4000000,simd-aos,12,0.710375
normalize,4000000,simd-aos,13,0.7242
normalize,4000000,simd-aos,14,0.70895
normalize,4000000,simd-aos,15,0.71385
normalize,4000000,simd-aos,16,0.7079
normalize,4000000,simd-aos,17,0.836525
normalize,4000000,simd-aos,18,0.7587
normalize,4000000,simd-aos,19,0.716425
normalize,4000000,simd-aos,20,0.7138
normalize,4000000,simd-aos,21,0.708775
normalize,4000000,simd-aos,22,0.725225
normalize,4000000,simd-aos,23,0.7183
normalize,4000000,simd-aos,24,0.708725
normalize,4000000,simd-aos,25,0.709125
normalize,4000000,simd-aos,26,0.710125
normalize,4000000,simd-aos,27,0.70995
normalize,4000000,simd-aos,28,0.712825
normalize,4000000,simd-aos,29,0.716475
normalize,4000000,simd-aos,30,0.710775
normalize,4000000,ref-soa,0,4.024
normalize,4000000,ref-soa,1,3.94537
normalize,4000000,ref-soa,2,4.09595
normalize,4000000,ref-soa,3,3.94285
normalize,4000000,ref-soa,4,4.09042
normalize,4000000,ref-soa,5,4.01617
normalize,4000000,ref-soa,6,3.985
normalize,4000000,ref-soa,7,3.97045
normalize,4000000,ref-soa,8,4.09875
normalize,4000000,ref-soa,9,3.9497
normalize,4000000,ref-soa,10,4.0846
normalize,4000000,ref-soa,11,3.9454
normalize,4000000,ref-soa,12,4.13673
normalize,4000000,ref-soa,13,3.9573
normalize,4000000,ref-soa,14,4.18727
normalize,4000000,ref-soa,15,4.09248
normalize,4000000,ref-soa,16,4.08462
normalize,4000000,ref-soa,17,3.9855
normalize,4000000,ref-soa,18,4.19525
normalize,4000000,ref-soa,19,4.05445
normalize,4000000,ref-soa,20,3.97277
normalize,4000000,ref-soa,21,4.0021
normalize,4000000,ref-soa,22,3.98983
normalize,4000000,ref-soa,23,3.9988
normalize,4000000,ref-soa,24,4.06288
normalize,4000000,ref-soa,25,4.23123
normalize,4000000,ref-soa,26,4.3308
normalize,4000000,ref-soa,27,4.05527
normalize,4000000,ref-soa,28,3.95365
normalize,4000000,ref-soa,29,3.94683
normalize,4000000,ref-soa,30,4.03897
normalize,4000000,simd-soa,0,0.659325
normalize,4000000,simd-soa,1,0.6132
normalize,4000000,simd-soa,2,0.608925
normalize,4000000,simd-soa,3,0.60725
normalize,4000000,simd-soa,4,0.6182
normalize,4000000,simd-soa,5,0.7004
normalize,4000000,simd-soa,6,0.742925
normalize,4000000,simd-soa,7,0.606875
normalize,4000000,simd-soa,8,0.608675
normalize,4000000,simd-soa,9,0.610675
normalize,4000000,simd-soa,10,0.607825
normalize,4000000,simd-soa,11,0.6396
normalize,4000000,simd-soa,12,0.61135
normalize,4000000,simd-soa,13,0.6097
normalize,4000000,simd-soa,14,0.6041
normalize,4000000,simd-soa,15,0.60475
normalize,4000000,simd-soa,16,0.60815
normalize,4000000,simd-soa,17,0.61555
normalize,4000000,simd-soa,18,0.614225
normalize,4000000,simd-soa,19,0.7017
normalize,4000000,simd-soa,20,0.603
normalize,4000000,simd-soa,21,0.6065
normalize,4000000,simd-soa,22,0.6979
normalize,4000000,simd-soa,23,0.62045
normalize,4000000,simd-soa,24,0.616375
normalize,4000000,simd-soa,25,0.603625
normalize,4000000,simd-soa,26,0.603125
normalize,4000000,simd-soa,27,0.61175
normalize,4000000,simd-soa,28,0.617125
normalize,4000000,simd-soa,29,0.608875
normalize,4000000,simd-soa,30,0.624225
normalize,4000000,simd-soa+conv,0,2.03152
normalize,4000000,simd-soa+conv,1,1.98307
normalize,4000000,simd-soa+conv,2,1.95065
normalize,4000000,simd-soa+conv,3,1.93053
normalize,4000000,simd-soa+conv,4,1.9474
normalize,4000000,simd-soa+conv,5,1.9089
normalize,4000000,simd-soa+conv,6,1.90692
normalize,4000000,simd-soa+conv,7,1.9174
normalize,4000000,simd-soa+conv,8,1.98575
normalize,4000000,simd-soa+conv,9,2.03667
normalize,4000000,simd-soa+conv,10,1.92762
normalize,4000000,simd-soa+conv,11,1.9381
normalize,4000000,simd-soa+conv,12,1.93928
normalize,4000000,simd-soa+conv,13,1.92067
normalize,4000000,simd-soa+conv,14,1.97087
normalize,4000000,simd-soa+conv,15,2.0098
normalize,4000000,simd-soa+conv,16,2.0096
normalize,4000000,simd-soa+conv,17,1.9469
normalize,4000000,simd-soa+conv,18,2.04093
normalize,4000000,simd-soa+conv,19,1.93355
normalize,4000000,simd-soa+conv,20,2.0172
normalize,4000000,simd-soa+conv,21,1.97938
normalize,4000000,simd-soa+conv,22,1.91125
normalize,4000000,simd-soa+conv,23,1.91512
normalize,4000000,simd-soa+conv,24,1.9458
normalize,4000000,simd-soa+conv,25,2.06177
normalize,4000000,simd-soa+conv,26,1.99745
normalize,4000000,simd-soa+conv,27,2.05735
normalize,4000000,simd-soa+conv,28,2.07247
normalize,4000000,simd-soa+conv,29,1.9774
normalize,4000000,simd-soa+conv,30,2.05057
normalize,4000000,simd-aos-approx,0,0.57525
normalize,4000000,simd-aos-approx,1,0.533475
normalize,4000000,simd-aos-approx,2,0.527575
normalize,4000000,simd-aos-approx,3,0.5362
normalize,4000000,simd-aos-approx,4,0.512625
normalize,4000000,simd-aos-approx,5,0.510675
normalize,4000000,simd-aos-approx,6,0.510675
normalize,4000000,simd-aos-approx,7,0.525225
normalize,4000000,simd-aos-approx,8,0.6753
normalize,4000000,simd-aos-approx,9,0.5201
normalize,4000000,simd-aos-approx,10,0.5198
normalize,4000000,simd-aos-approx,11,0.510525
normalize,4000000,simd-aos-approx,12,0.506575
normalize,4000000,simd-aos-approx,13,0.50495
normalize,4000000,simd-aos-approx,14,0.5227
normalize,4000000,simd-aos-approx,15,0.537875
normalize,4000000,simd-aos-approx,16,0.5139
normalize,4000000,simd-aos-approx,17,0.514325
normalize,4000000,simd-aos-approx,18,0.5049
normalize,4000000,simd-aos-approx,19,0.502825
normalize,4000000,simd-aos-approx,20,0.506575
normalize,4000000,simd-aos-approx,21,0.5467
normalize,4000000,simd-aos-approx,22,0.511
normalize,4000000,simd-aos-approx,23,0.5075
normalize,4000000,simd-aos-approx,24,0.504475
normalize,4000000,simd-aos-approx,25,0.504425
normalize,4000000,simd-aos-approx,26,0.502925
normalize,4000000,simd-aos-approx,27,0.568775
normalize,4000000,simd-aos-approx,28,0.517375
normalize,4000000,simd-aos-approx,29,0.526525
normalize,4000000,simd-aos-approx,30,0.510925
transform,10,ref-aos,0,1.34884
transform,10,ref-aos,1,1.34769
transform,10,ref-aos,2,1.37337
transform,10,ref-aos,3,1.36578
transform,10,ref-aos,4,1.35632
transform,10,ref-aos,5,1.34815
transform,10,ref-aos,6,1.35414
transform,10,ref-aos,7,1.40503
transform,10,ref-aos,8,1.53389
transform,10,ref-aos,9,1.35002
transform,10,ref-aos,10,1.357
transform,10,ref-aos,11,1.35372
transform,10,ref-aos,12,1.34888
transform,10,ref-aos,13,1.35162
transform,10,ref-aos,14,1.35563
transform,10,ref-aos,15,1.36414
transform,10,ref-aos,16,1.34842
transform,10,ref-aos,17,1.35777
transform,10,ref-aos,18,1.75835
transform,10,ref-aos,19,1.35571
transform,10,ref-aos,20,1.34823
transform,10,ref-aos,21,1.44108
transform,10,ref-aos,22,1.35437
transform,10,ref-aos,23,1.57082
transform,10,ref-aos,24,1.35014
transform,10,ref-aos,25,1.34823
transform,10,ref-aos,26,1.34853
transform,10,ref-aos,27,1.34911
transform,10,ref-aos,28,1.35178
transform,10,ref-aos,29,1.34827
transform,10,ref-aos,30,1.34689
transform,10,simd-aos,0,1.01292
transform,10,simd-aos,1,1.17989
transform,10,simd-aos,2,1.01555
transform,10,simd-aos,3,1.01173
transform,10,simd-aos,4,1.01177
transform,10,simd-aos,5,1.01028
transform,10,simd-aos,6,1.0096
transform,10,simd-aos,7,1.01376
transform,10,simd-aos,8,1.01452
transform,10,simd-aos,9,1.16852
transform,10,simd-aos,10,1.00971
transform,10,simd-aos,11,1.01032
transform,10,simd-aos,12,1.01311
transform,10,simd-aos,13,1.00979
transform,10,simd-aos,14,1.0096
transform,10,simd-aos,15,1.0099
transform,10,simd-aos,16,1.01025
transform,10,simd-aos,17,1.00914
transform,10,simd-aos,18,1.01044
transform,10,simd-aos,19,1.00945
transform,10,simd-aos,20,1.00872
transform,10,simd-aos,21,1.01109
transform,10,simd-aos,22,1.00971
transform,10,simd-aos,23,1.00948
transform,10,simd-aos,24,1.01231
transform,10,simd-aos,25,1.0091
transform,10,simd-aos,26,1.00849
transform,10,simd-aos,27,1.00948
transform,10,simd-aos,28,1.00895
transform,10,simd-aos,29,1.01898
transform,10,simd-aos,30,1.01688
transform,10,simd-aos-naive,0,0.710106
transform,10,simd-aos-naive,1,0.707207
transform,10,simd-aos-naive,2,0.705185
transform,10,simd-aos-naive,3,0.709496
transform,10,simd-aos-naive,4,0.707741
transform,10,simd-aos-naive,5,0.714912
transform,10,simd-aos-naive,6,0.711403
transform,10,simd-aos-naive,7,0.712547
transform,10,simd-aos-naive,8,0.712242
transform,10,simd-aos-naive,9,0.709953
transform,10,simd-aos-naive,10,0.700607
transform,10,simd-aos-naive,11,0.709915
transform,10,simd-aos-naive,12,0.707207
transform,10,simd-aos-naive,13,0.708504
transform,10,simd-aos-naive,14,0.706253
transform,10,simd-aos-naive,15,0.706635
transform,10,simd-aos-naive,16,0.70694
transform,10,simd-aos-naive,17,0.705986
transform,10,simd-aos-naive,18,0.705795
transform,10,simd-aos-naive,19,0.706291
transform,10,simd-aos-naive,20,0.706444
transform,10,simd-aos-naive,21,0.706367
transform,10,simd-aos-naive,22,0.712929
transform,10,simd-aos-naive,23,0.712585
transform,10,simd-aos-naive,24,0.707283
transform,10,simd-aos-naive,25,0.706062
transform,10,simd-aos-naive,26,0.707397
transform,10,simd-aos-naive,27,0.731468
transform,10,simd-aos-naive,28,0.719566
transform,10,simd-aos-naive,29,0.724144
transform,10,simd-aos-naive,30,0.720177
transform,10,ref-soa,0,0.929871
transform,10,ref-soa,1,0.929298
transform,10,ref-soa,2,0.929985
transform,10,ref-soa,3,0.935783
transform,10,ref-soa,4,0.933685
transform,10,ref-soa,5,0.934258
transform,10,ref-soa,6,0.931015
transform,10,ref-soa,7,0.937157
transform,10,ref-soa,8,0.939713
transform,10,ref-soa,9,0.932999
transform,10,ref-soa,10,0.930557
transform,10,ref-soa,11,0.931091
transform,10,ref-soa,12,0.932236
transform,10,ref-soa,13,0.932503
transform,10,ref-soa,14,0.940704
transform,10,ref-soa,15,0.945168
transform,10,ref-soa,16,0.950089
transform,10,ref-soa,17,0.942421
transform,10,ref-soa,18,0.93689
transform,10,ref-soa,19,1.13365
transform,10,ref-soa,20,0.929108
transform,10,ref-soa,21,0.93338
transform,10,ref-soa,22,0.930862
transform,10,ref-soa,23,0.932045
transform,10,ref-soa,24,0.932961
transform,10,ref-soa,25,0.932159
transform,10,ref-soa,26,0.932121
transform,10,ref-soa,27,1.0445
transform,10,ref-soa,28,1.21429
transform,10,ref-soa,29,0.931358
transform,10,ref-soa,30,0.93277
transform,10,simd-soa,0,0.926323
transform,10,simd-soa,1,0.932198
transform,10,simd-soa,2,0.925903
transform,10,simd-soa,3,0.926476
transform,10,simd-soa,4,0.927505
transform,10,simd-soa,5,0.928154
transform,10,simd-soa,6,0.936241
transform,10,simd-soa,7,0.929642
transform,10,simd-soa,8,0.933685
transform,10,simd-soa,9,0.927505
transform,10,simd-soa,10,0.926857
transform,10,simd-soa,11,0.928116
transform,10,simd-soa,12,0.929031
transform,10,simd-soa,13,0.929794
transform,10,simd-soa,14,0.925751
transform,10,simd-soa,15,0.927048
transform,10,simd-soa,16,0.926018
transform,10,simd-soa,17,0.927773
transform,10,simd-soa,18,0.925941
transform,10,simd-soa,19,0.925941
transform,10,simd-soa,20,0.933685
transform,10,simd-soa,21,1.02638
transform,10,simd-soa,22,0.928841
transform,10,simd-soa,23,0.927887
transform,10,simd-soa,24,0.926208
transform,10,simd-soa,25,0.927505
transform,10,simd-soa,26,0.928421
transform,10,simd-soa,27,0.933914
transform,10,simd-soa,28,0.926476
transform,10,simd-soa,29,0.925903
transform,10,simd-soa,30,0.928688
transform,10,simd-soa+conv,0,2.03407
transform,10,simd-soa+conv,1,2.04254
transform,10,simd-soa+conv,2,2.03415
transform,10,simd-soa+conv,3,2.03316
transform,10,simd-soa+conv,4,2.03606
transform,10,simd-soa+conv,5,2.02652
transform,10,simd-soa+conv,6,2.03041
transform,10,simd-soa+conv,7,2.03117
transform,10,simd-soa+conv,8,2.03064
transform,10,simd-soa+conv,9,2.02934
transform,10,simd-soa+conv,10,2.02789
transform,10,simd-soa+conv,11,2.03018
transform,10,simd-soa+conv,12,2.03133
transform,10,simd-soa+conv,13,2.03011
transform,10,simd-soa+conv,14,2.02759
transform,10,simd-soa+conv,15,2.03087
transform,10,simd-soa+conv,16,2.03461
transform,10,simd-soa+conv,17,2.03171
transform,10,simd-soa+conv,18,2.04079
transform,10,simd-soa+conv,19,2.03041
transform,10,simd-soa+conv,20,2.0311
transform,10,simd-soa+conv,21,2.04445
transform,10,simd-soa+conv,22,2.04704
transform,10,simd-soa+conv,23,2.03049
transform,10,simd-soa+conv,24,2.03659
transform,10,simd-soa+conv,25,2.02423
transform,10,simd-soa+conv,26,2.02881
transform,10,simd-soa+conv,27,2.03438
transform,10,simd-soa+conv,28,2.0372
transform,10,simd-soa+conv,29,2.03308
transform,10,simd-soa+conv,30,2.0327
transform,1000,ref-aos,0,1.177
transform,1000,ref-aos,1,1.16929
transform,1000,ref-aos,2,1.1688
transform,1000,ref-aos,3,1.16948
transform,1000,ref-aos,4,1.16885
transform,1000,ref-aos,5,1.17085
transform,1000,ref-aos,6,1.17271
transform,1000,ref-aos,7,1.17197
transform,1000,ref-aos,8,1.18862
transform,1000,ref-aos,9,1.16968
transform,1000,ref-aos,10,1.16934
transform,1000,ref-aos,11,1.16865
transform,1000,ref-aos,12,1.171
transform,1000,ref-aos,13,1.17026
transform,1000,ref-aos,14,1.17065
transform,1000,ref-aos,15,1.16846
transform,1000,ref-aos,16,1.16855
transform,1000,ref-aos,17,1.17021
transform,1000,ref-aos,18,1.17026
transform,1000,ref-aos,19,1.16904
transform,1000,ref-aos,20,1.16875
transform,1000,ref-aos,21,1.1689
transform,1000,ref-aos,22,1.17046
transform,1000,ref-aos,23,1.16943
transform,1000,ref-aos,24,1.17393
transform,1000,ref-aos,25,1.17153
transform,1000,ref-aos,26,1.16934
transform,1000,ref-aos,27,1.16899
transform,1000,ref-aos,28,1.17012
transform,1000,ref-aos,29,1.16953
transform,1000,ref-aos,30,1.17842
transform,1000,simd-aos,0,0.513086
transform,1000,simd-aos,1,0.511133
transform,1000,simd-aos,2,0.515405
transform,1000,simd-aos,3,0.514258
transform,1000,simd-aos,4,0.51145
transform,1000,simd-aos,5,0.514478
transform,1000,simd-aos,6,0.51377
transform,1000,simd-aos,7,0.511475
transform,1000,simd-aos,8,0.513013
transform,1000,simd-aos,9,0.51311
transform,1000,simd-aos,10,0.51438
transform,1000,simd-aos,11,0.512427
transform,1000,simd-aos,12,0.513354
transform,1000,simd-aos,13,0.512207
transform,1000,simd-aos,14,0.514551
transform,1000,simd-aos,15,0.511694
transform,1000,simd-aos,16,0.514136
transform,1000,simd-aos,17,0.514453
transform,1000,simd-aos,18,0.511597
transform,1000,simd-aos,19,0.514502
transform,1000,simd-aos,20,0.515601
transform,1000,simd-aos,21,0.514478
transform,1000,simd-aos,22,0.514136
transform,1000,simd-aos,23,0.519946
transform,1000,simd-aos,24,0.516064
transform,1000,simd-aos,25,0.512427
transform,1000,simd-aos,26,0.515552
transform,1000,simd-aos,27,0.515356
transform,1000,simd-aos,28,0.513745
transform,1000,simd-aos,29,0.513867
transform,1000,simd-aos,30,0.514282
transform,1000,simd-aos-naive,0,0.675391
transform,1000,simd-aos-naive,1,0.672681
transform,1000,simd-aos-naive,2,0.885425
transform,1000,simd-aos-naive,3,0.674219
transform,1000,simd-aos-naive,4,0.672656
transform,1000,simd-aos-naive,5,0.674365
transform,1000,simd-aos-naive,6,0.673682
transform,1000,simd-aos-naive,7,0.674146
transform,1000,simd-aos-naive,8,0.67334
transform,1000,simd-aos-naive,9,0.672876
transform,1000,simd-aos-naive,10,0.673022
transform,1000,simd-aos-naive,11,0.675342
transform,1000,simd-aos-naive,12,0.672559
transform,1000,simd-aos-naive,13,0.673218
transform,1000,simd-aos-naive,14,0.672729
transform,1000,simd-aos-naive,15,0.6729
transform,1000,simd-aos-naive,16,0.674072
transform,1000,simd-aos-naive,17,0.672827
transform,1000,simd-aos-naive,18,0.791016
transform,1000,simd-aos-naive,19,0.69043
transform,1000,simd-aos-naive,20,0.672876
transform,1000,simd-aos-naive,21,0.673657
transform,1000,simd-aos-naive,22,0.673853
transform,1000,simd-aos-naive,23,0.676099
transform,1000,simd-aos-naive,24,0.677271
transform,1000,simd-aos-naive,25,0.673071
transform,1000,simd-aos-naive,26,0.673218
transform,1000,simd-aos-naive,27,0.676709
transform,1000,simd-aos-naive,28,0.833643
transform,1000,simd-aos-naive,29,0.675391
transform,1000,simd-aos-naive,30,0.673364
transform,1000,ref-soa,0,0.321375
transform,1000,ref-soa,1,0.317065
transform,1000,ref-soa,2,0.317664
transform,1000,ref-soa,3,0.316162
transform,1000,ref-soa,4,0.316406
transform,1000,ref-soa,5,0.316199
transform,1000,ref-soa,6,0.31637
transform,1000,ref-soa,7,0.317615
transform,1000,ref-soa,8,0.33031
transform,1000,ref-soa,9,0.316614
transform,1000,ref-soa,10,0.316602
transform,1000,ref-soa,11,0.31615
transform,1000,ref-soa,12,0.439001
transform,1000,ref-soa,13,0.318652
transform,1000,ref-soa,14,0.319226
transform,1000,ref-soa,15,0.385437
transform,1000,ref-soa,16,0.316394
transform,1000,ref-soa,17,0.316638
transform,1000,ref-soa,18,0.31687
transform,1000,ref-soa,19,0.317078
transform,1000,ref-soa,20,0.370825
transform,1000,ref-soa,21,0.316455
transform,1000,ref-soa,22,0.316174
transform,1000,ref-soa,23,0.31853
transform,1000,ref-soa,24,0.316785
transform,1000,ref-soa,25,0.316504
transform,1000,ref-soa,26,0.316504
transform,1000,ref-soa,27,0.316211
transform,1000,ref-soa,28,0.316394
transform,1000,ref-soa,29,0.388135
transform,1000,ref-soa,30,0.377185
transform,1000,simd-soa,0,0.342639
transform,1000,simd-soa,1,0.343066
transform,1000,simd-soa,2,0.34281
transform,1000,simd-soa,3,0.342883
transform,1000,simd-soa,4,0.343115
transform,1000,simd-soa,5,0.369287
transform,1000,simd-soa,6,0.425122
transform,1000,simd-soa,7,0.319751
transform,1000,simd-soa,8,0.342065
transform,1000,simd-soa,9,0.342676
transform,1000,simd-soa,10,0.343323
transform,1000,simd-soa,11,0.341956
transform,1000,simd-soa,12,0.342529
transform,1000,simd-soa,13,0.342249
transform,1000,simd-soa,14,0.34231
transform,1000,simd-soa,15,0.344421
transform,1000,simd-soa,16,0.343787
transform,1000,simd-soa,17,0.342139
transform,1000,simd-soa,18,0.342603
transform,1000,simd-soa,19,0.342175
transform,1000,simd-soa,20,0.346362
transform,1000,simd-soa,21,0.34259
transform,1000,simd-soa,22,0.342041
transform,1000,simd-soa,23,0.342346
transform,1000,simd-soa,24,0.342908
transform,1000,simd-soa,25,0.342529
transform,1000,simd-soa,26,0.35708
transform,1000,simd-soa,27,0.359717
transform,1000,simd-soa,28,0.344238
transform,1000,simd-soa,29,0.342017
transform,1000,simd-soa,30,0.342334
transform,1000,simd-soa+conv,0,1.00513
transform,1000,simd-soa+conv,1,1.00474
transform,1000,simd-soa+conv,2,0.984326
transform,1000,simd-soa+conv,3,0.995459
transform,1000,simd-soa+conv,4,1.00605
transform,1000,simd-soa+conv,5,1.00513
transform,1000,simd-soa+conv,6,0.999561
transform,1000,simd-soa+conv,7,0.983545
transform,1000,simd-soa+conv,8,1.00513
transform,1000,simd-soa+conv,9,1.00654
transform,1000,simd-soa+conv,10,1.00396
transform,1000,simd-soa+conv,11,1.00503
transform,1000,simd-soa+conv,12,1.00527
transform,1000,simd-soa+conv,13,1.00474
transform,1000,simd-soa+conv,14,1.00337
transform,1000,simd-soa+conv,15,1.00386
transform,1000,simd-soa+conv,16,1.00469
transform,1000,simd-soa+conv,17,1.00752
transform,1000,simd-soa+conv,18,1.00937
transform,1000,simd-soa+conv,19,1.21084
transform,1000,simd-soa+conv,20,1.22695
transform,1000,simd-soa+conv,21,1.0082
transform,1000,simd-soa+conv,22,1.00557
transform,1000,simd-soa+conv,23,1.0062
transform,1000,simd-soa+conv,24,1.00469
transform,1000,simd-soa+conv,25,1.00659
transform,1000,simd-soa+conv,26,1.00576
transform,1000,simd-soa+conv,27,1.00435
transform,1000,simd-soa+conv,28,1.00352
transform,1000,simd-soa+conv,29,1.00449
transform,1000,simd-soa+conv,30,1.00674
transform,100000,ref-aos,0,1.16912
transform,100000,ref-aos,1,1.17059
transform,100000,ref-aos,2,1.1745
transform,100000,ref-aos,3,1.17694
transform,100000,ref-aos,4,1.16878
transform,100000,ref-aos,5,1.16813
transform,100000,ref-aos,6,1.17134
transform,100000,ref-aos,7,1.1695
transform,100000,ref-aos,8,1.16834
transform,100000,ref-aos,9,1.16716
transform,100000,ref-aos,10,1.16856
transform,100000,ref-aos,11,1.16931
transform,100000,ref-aos,12,1.16825
transform,100000,ref-aos,13,1.16875
transform,100000,ref-aos,14,1.17791
transform,100000,ref-aos,15,1.17316
transform,100000,ref-aos,16,1.16828
transform,100000,ref-aos,17,1.16675
transform,100000,ref-aos,18,1.18731
transform,100000,ref-aos,19,1.16709
transform,100000,ref-aos,20,1.16672
transform,100000,ref-aos,21,1.16631
transform,100000,ref-aos,22,1.35041
transform,100000,ref-aos,23,1.16813
transform,100000,ref-aos,24,1.16647
transform,100000,ref-aos,25,1.49119
transform,100000,ref-aos,26,1.25722
transform,100000,ref-aos,27,1.17531
transform,100000,ref-aos,28,1.16637
transform,100000,ref-aos,29,1.17216
transform,100000,ref-aos,30,1.34928
transform,100000,simd-aos,0,0.511984
transform,100000,simd-aos,1,0.507953
transform,100000,simd-aos,2,0.508344
transform,100000,simd-aos,3,0.512766
transform,100000,simd-aos,4,0.509047
transform,100000,simd-aos,5,0.550562
transform,100000,simd-aos,6,0.508094
transform,100000,simd-aos,7,0.507812
transform,100000,simd-aos,8,0.508391
transform,100000,simd-aos,9,0.508938
transform,100000,simd-aos,10,0.508813
transform,100000,simd-aos,11,0.552813
transform,100000,simd-aos,12,0.527422
transform,100000,simd-aos,13,0.508062
transform,100000,simd-aos,14,0.510312
transform,100000,simd-aos,15,0.508563
transform,100000,simd-aos,16,0.507906
transform,100000,simd-aos,17,0.508203
transform,100000,simd-aos,18,0.508844
transform,100000,simd-aos,19,0.507859
transform,100000,simd-aos,20,0.508297
transform,100000,simd-aos,21,0.508094
transform,100000,simd-aos,22,0.508406
transform,100000,simd-aos,23,0.509437
transform,100000,simd-aos,24,0.508281
transform,100000,simd-aos,25,0.508766
transform,100000,simd-aos,26,0.508469
transform,100000,simd-aos,27,0.508359
transform,100000,simd-aos,28,0.508797
transform,100000,simd-aos,29,0.508672
transform,100000,simd-aos,30,0.508859
transform,100000,simd-aos-naive,0,0.672125
transform,100000,simd-aos-naive,1,0.671
transform,100000,simd-aos-naive,2,0.671438
transform,100000,simd-aos-naive,3,0.672719
transform,100000,simd-aos-naive,4,0.672844
transform,100000,simd-aos-naive,5,0.6715
transform,100000,simd-aos-naive,6,0.670813
transform,100000,simd-aos-naive,7,0.671125
transform,100000,simd-aos-naive,8,0.671219
transform,100000,simd-aos-naive,9,0.671625
transform,100000,simd-aos-naive,10,0.670969
transform,100000,simd-aos-naive,11,0.674156
transform,100000,simd-aos-naive,12,0.672875
transform,100000,simd-aos-naive,13,0.680844
transform,100000,simd-aos-naive,14,0.678188
transform,100000,simd-aos-naive,15,0.673562
transform,100000,simd-aos-naive,16,0.673094
transform,100000,simd-aos-naive,17,0.674969
transform,100000,simd-aos-naive,18,0.673312
transform,100000,simd-aos-naive,19,0.706125
transform,100000,simd-aos-naive,20,0.676094
transform,100000,simd-aos-naive,21,0.673906
transform,100000,simd-aos-naive,22,0.671469
transform,100000,simd-aos-naive,23,0.67275
transform,100000,simd-aos-naive,24,0.671656
transform,100000,simd-aos-naive,25,0.675188
transform,100000,simd-aos-naive,26,0.670219
transform,100000,simd-aos-naive,27,0.672562
transform,100000,simd-aos-naive,28,0.67225
transform,100000,simd-aos-naive,29,0.671031
transform,100000,simd-aos-naive,30,0.671594
transform,100000,ref-soa,0,0.322937
transform,100000,ref-soa,1,0.315406
transform,100000,ref-soa,2,0.315625
transform,100000,ref-soa,3,0.317484
transform,100000,ref-soa,4,0.316453
transform,100000,ref-soa,5,0.317094
transform,100000,ref-soa,6,0.317266
transform,100000,ref-soa,7,0.317797
transform,100000,ref-soa,8,0.317375
transform,100000,ref-soa,9,0.317125
transform,100000,ref-soa,10,0.317531
transform,100000,ref-soa,11,0.317703
transform,100000,ref-soa,12,0.3175
transform,100000,ref-soa,13,0.316688
transform,100000,ref-soa,14,0.317125
transform,100000,ref-soa,15,0.318297
transform,100000,ref-soa,16,0.316906
transform,100000,ref-soa,17,0.317375
transform,100000,ref-soa,18,0.318031
transform,100000,ref-soa,19,0.335562
transform,100000,ref-soa,20,0.321422
transform,100000,ref-soa,21,0.316469
transform,100000,ref-soa,22,0.323734
transform,100000,ref-soa,23,0.316844
transform,100000,ref-soa,24,0.324188
transform,100000,ref-soa,25,0.320609
transform,100000,ref-soa,26,0.317328
transform,100000,ref-soa,27,0.317703
transform,100000,ref-soa,28,0.327625
transform,100000,ref-soa,29,0.321937
transform,100000,ref-soa,30,0.315375
transform,100000,simd-soa,0,0.342391
transform,100000,simd-soa,1,0.341016
transform,100000,simd-soa,2,0.341813
transform,100000,simd-soa,3,0.346531
transform,100000,simd-soa,4,0.341406
transform,100000,simd-soa,5,0.341813
transform,100000,simd-soa,6,0.341375
transform,100000,simd-soa,7,0.341828
transform,100000,simd-soa,8,0.341547
transform,100000,simd-soa,9,0.341078
transform,100000,simd-soa,10,0.344297
transform,100000,simd-soa,11,0.341609
transform,100000,simd-soa,12,0.341203
transform,100000,simd-soa,13,0.340891
transform,100000,simd-soa,14,0.342125
transform,100000,simd-soa,15,0.34525
transform,100000,simd-soa,16,0.340375
transform,100000,simd-soa,17,0.347281
transform,100000,simd-soa,18,0.343703
transform,100000,simd-soa,19,0.340672
transform,100000,simd-soa,20,0.342203
transform,100000,simd-soa,21,0.341641
transform,100000,simd-soa,22,0.341797
transform,100000,simd-soa,23,0.341562
transform,100000,simd-soa,24,0.363281
transform,100000,simd-soa,25,0.345156
transform,100000,simd-soa,26,0.344
transform,100000,simd-soa,27,0.34
transform,100000,simd-soa,28,0.341938
transform,100000,simd-soa,29,0.341922
transform,100000,simd-soa,30,0.342453
transform,100000,simd-soa+conv,0,1.04119
transform,100000,simd-soa+conv,1,1.02472
transform,100000,simd-soa+conv,2,1.17162
transform,100000,simd-soa+conv,3,1.02406
transform,100000,simd-soa+conv,4,1.03141
transform,100000,simd-soa+conv,5,1.03262
transform,100000,simd-soa+conv,6,1.25381
transform,100000,simd-soa+conv,7,1.02291
transform,100000,simd-soa+conv,8,1.02406
transform,100000,simd-soa+conv,9,1.02662
transform,100000,simd-soa+conv,10,1.43006
transform,100000,simd-soa+conv,11,1.06497
transform,100000,simd-soa+conv,12,1.02456
transform,100000,simd-soa+conv,13,1.02766
transform,100000,simd-soa+conv,14,1.02984
transform,100000,simd-soa+conv,15,1.02634
transform,100000,simd-soa+conv,16,1.0285
transform,100000,simd-soa+conv,17,1.03691
transform,100000,simd-soa+conv,18,1.03788
transform,100000,simd-soa+conv,19,1.02756
transform,100000,simd-soa+conv,20,1.02503
transform,100000,simd-soa+conv,21,1.02453
transform,100000,simd-soa+conv,22,1.02466
transform,100000,simd-soa+conv,23,1.02672
transform,100000,simd-soa+conv,24,1.18263
transform,100000,simd-soa+conv,25,1.02134
transform,100000,simd-soa+conv,26,1.0245
transform,100000,simd-soa+conv,27,1.03294
transform,100000,simd-soa+conv,28,1.03378
transform,100000,simd-soa+conv,29,1.02584
transform,100000,simd-soa+conv,30,1.02372
transform,4000000,ref-aos,0,1.17788
transform,4000000,ref-aos,1,1.178
transform,4000000,ref-aos,2,1.1866
transform,4000000,ref-aos,3,1.17702
transform,4000000,ref-aos,4,1.17807
transform,4000000,ref-aos,5,1.181
transform,4000000,ref-aos,6,1.17887
transform,4000000,ref-aos,7,1.1794
transform,4000000,ref-aos,8,1.2591
transform,4000000,ref-aos,9,1.17885
transform,4000000,ref-aos,10,1.17922
transform,4000000,ref-aos,11,1.1947
transform,4000000,ref-aos,12,1.18017
transform,4000000,ref-aos,13,1.32343
transform,4000000,ref-aos,14,1.17985
transform,4000000,ref-aos,15,1.19235
transform,4000000,ref-aos,16,1.17867
transform,4000000,ref-aos,17,1.18558
transform,4000000,ref-aos,18,1.1812
transform,4000000,ref-aos,19,1.17928
transform,4000000,ref-aos,20,1.17922
transform,4000000,ref-aos,21,1.18677
transform,4000000,ref-aos,22,1.18073
transform,4000000,ref-aos,23,1.29783
transform,4000000,ref-aos,24,1.18382
transform,4000000,ref-aos,25,1.18188
transform,4000000,ref-aos,26,1.17918
transform,4000000,ref-aos,27,1.18335
transform,4000000,ref-aos,28,1.17922
transform,4000000,ref-aos,29,1.1782
transform,4000000,ref-aos,30,1.18568
transform,4000000,simd-aos,0,0.5452
transform,4000000,simd-aos,1,0.544675
transform,4000000,simd-aos,2,0.543
transform,4000000,simd-aos,3,0.561925
transform,4000000,simd-aos,4,0.586375
transform,4000000,simd-aos,5,0.54105
transform,4000000,simd-aos,6,0.5419
transform,4000000,simd-aos,7,0.538225
transform,4000000,simd-aos,8,0.533075
transform,4000000,simd-aos,9,0.53835
transform,4000000,simd-aos,10,0.537375
transform,4000000,simd-aos,11,0.54455
transform,4000000,simd-aos,12,0.53935
transform,4000000,simd-aos,13,0.545625
transform,4000000,simd-aos,14,0.6685
transform,4000000,simd-aos,15,0.53555
transform,4000000,simd-aos,16,0.53095
transform,4000000,simd-aos,17,0.5298
transform,4000000,simd-aos,18,0.5385
transform,4000000,simd-aos,19,0.541
transform,4000000,simd-aos,20,0.5407
transform,4000000,simd-aos,21,0.529775
transform,4000000,simd-aos,22,0.5331
transform,4000000,simd-aos,23,0.55175
transform,4000000,simd-aos,24,0.667725
transform,4000000,simd-aos,25,0.62945
transform,4000000,simd-aos,26,0.6619
transform,4000000,simd-aos,27,0.53415
transform,4000000,simd-aos,28,0.539575
transform,4000000,simd-aos,29,0.5365
transform,4000000,simd-aos,30,0.53255
transform,4000000,simd-aos-naive,0,0.683025
transform,4000000,simd-aos-naive,1,0.682925
transform,4000000,simd-aos-naive,2,0.682425
transform,4000000,simd-aos-naive,3,0.6828
transform,4000000,simd-aos-naive,4,0.6916
transform,4000000,simd-aos-naive,5,0.682725
transform,4000000,simd-aos-naive,6,0.68325
transform,4000000,simd-aos-naive,7,0.6817
transform,4000000,simd-aos-naive,8,0.688725
transform,4000000,simd-aos-naive,9,0.6868
transform,4000000,simd-aos-naive,10,0.6842
transform,4000000,simd-aos-naive,11,0.683175
transform,4000000,simd-aos-naive,12,0.689625
transform,4000000,simd-aos-naive,13,0.790775
transform,4000000,simd-aos-naive,14,0.6866
transform,4000000,simd-aos-naive,15,0.681775
transform,4000000,simd-aos-naive,16,0.690125
transform,4000000,simd-aos-naive,17,0.684325
transform,4000000,simd-aos-naive,18,0.681975
transform,4000000,simd-aos-naive,19,0.687475
transform,4000000,simd-aos-naive,20,0.6848
transform,4000000,simd-aos-naive,21,0.6835
transform,4000000,simd-aos-naive,22,0.68495
transform,4000000,simd-aos-naive,23,0.683325
transform,4000000,simd-aos-naive,24,0.682625
transform,4000000,simd-aos-naive,25,0.6924
transform,4000000,simd-aos-naive,26,0.68565
transform,4000000,simd-aos-naive,27,0.71155
transform,4000000,simd-aos-naive,28,0.7478
transform,4000000,simd-aos-naive,29,0.68925
transform,4000000,simd-aos-naive,30,0.682875
transform,4000000,ref-soa,0,0.383638
transform,4000000,ref-soa,1,0.382163
transform,4000000,ref-soa,2,0.372262
transform,4000000,ref-soa,3,0.372887
transform,4000000,ref-soa,4,0.371362
transform,4000000,ref-soa,5,0.397175
transform,4000000,ref-soa,6,0.375063
transform,4000000,ref-soa,7,0.401075
transform,4000000,ref-soa,8,0.36985
transform,4000000,ref-soa,9,0.374362
transform,4000000,ref-soa,10,0.403363
transform,4000000,ref-soa,11,0.3722
transform,4000000,ref-soa,12,0.37105
transform,4000000,ref-soa,13,0.3712
transform,4000000,ref-soa,14,0.3836
transform,4000000,ref-soa,15,0.378263
transform,4000000,ref-soa,16,0.372412
transform,4000000,ref-soa,17,0.371063
transform,4000000,ref-soa,18,0.372925
transform,4000000,ref-soa,19,0.385975
transform,4000000,ref-soa,20,0.401388
transform,4000000,ref-soa,21,0.392587
transform,4000000,ref-soa,22,0.448725
transform,4000000,ref-soa,23,0.39555
transform,4000000,ref-soa,24,0.373063
transform,4000000,ref-soa,25,0.374325
transform,4000000,ref-soa,26,0.391838
transform,4000000,ref-soa,27,0.390875
transform,4000000,ref-soa,28,0.375812
transform,4000000,ref-soa,29,0.371088
transform,4000000,ref-soa,30,0.464062
transform,4000000,simd-soa,0,0.392288
transform,4000000,simd-soa,1,0.3859
transform,4000000,simd-soa,2,0.385887
transform,4000000,simd-soa,3,0.388562
transform,4000000,simd-soa,4,0.3968
transform,4000000,simd-soa,5,0.38975
transform,4000000,simd-soa,6,0.385037
transform,4000000,simd-soa,7,0.388138
transform,4000000,simd-soa,8,0.38635
transform,4000000,simd-soa,9,0.397675
transform,4000000,simd-soa,10,0.384825
transform,4000000,simd-soa,11,0.386437
transform,4000000,simd-soa,12,0.386075
transform,4000000,simd-soa,13,0.3869
transform,4000000,simd-soa,14,0.391087
transform,4000000,simd-soa,15,0.445012
transform,4000000,simd-soa,16,0.388912
transform,4000000,simd-soa,17,0.389425
transform,4000000,simd-soa,18,0.389288
transform,4000000,simd-soa,19,0.387925
transform,4000000,simd-soa,20,0.386763
transform,4000000,simd-soa,21,0.391562
transform,4000000,simd-soa,22,0.386525
transform,4000000,simd-soa,23,0.39025
transform,4000000,simd-soa,24,0.388
transform,4000000,simd-soa,25,0.390138
transform,4000000,simd-soa,26,0.389987
transform,4000000,simd-soa,27,0.388813
transform,4000000,simd-soa,28,0.390638
transform,4000000,simd-soa,29,0.398062
transform,4000000,simd-soa,30,0.40105
transform,4000000,simd-soa+conv,0,1.7919
transform,4000000,simd-soa+conv,1,1.70395
transform,4000000,simd-soa+conv,2,1.72545
transform,4000000,simd-soa+conv,3,1.69518
transform,4000000,simd-soa+conv,4,1.7312
transform,4000000,simd-soa+conv,5,1.701
transform,4000000,simd-soa+conv,6,1.70043
transform,4000000,simd-soa+conv,7,1.75018
transform,4000000,simd-soa+conv,8,1.706
transform,4000000,simd-soa+conv,9,1.72015
transform,4000000,simd-soa+conv,10,1.74265
transform,4000000,simd-soa+conv,11,1.72523
transform,4000000,simd-soa+conv,12,1.67655
transform,4000000,simd-soa+conv,13,1.70417
transform,4000000,simd-soa+conv,14,1.6959
transform,4000000,simd-soa+conv,15,1.70605
transform,4000000,simd-soa+conv,16,1.69103
transform,4000000,simd-soa+conv,17,1.69
transform,4000000,simd-soa+conv,18,1.76147
transform,4000000,simd-soa+conv,19,1.69047
transform,4000000,simd-soa+conv,20,1.69473
transform,4000000,simd-soa+conv,21,1.69932
transform,4000000,simd-soa+conv,22,1.8
transform,4000000,simd-soa+conv,23,1.76135
transform,4000000,simd-soa+conv,24,1.70705
transform,4000000,simd-soa+conv,25,1.704
transform,4000000,simd-soa+conv,26,1.69402
transform,4000000,simd-soa+conv,27,1.7062
transform,4000000,simd-soa+conv,28,1.68155
transform,4000000,simd-soa+conv,29,1.75657
transform,4000000,simd-soa+conv,30,1.6733
convert,10,aos-to-soa,0,0.557499
convert,10,aos-to-soa,1,0.552406
convert,10,aos-to-soa,2,0.440998
convert,10,aos-to-soa,3,0.440807
convert,10,aos-to-soa,4,0.442543
convert,10,aos-to-soa,5,0.540962
convert,10,aos-to-soa,6,0.442047
convert,10,aos-to-soa,7,0.441666
convert,10,aos-to-soa,8,0.442009
convert,10,aos-to-soa,9,0.442257
convert,10,aos-to-soa,10,0.443878
convert,10,aos-to-soa,11,0.442219
convert,10,aos-to-soa,12,0.441895
convert,10,aos-to-soa,13,0.441189
convert,10,aos-to-soa,14,0.442181
convert,10,aos-to-soa,15,0.442867
convert,10,aos-to-soa,16,0.442448
convert,10,aos-to-soa,17,0.440254
convert,10,aos-to-soa,18,0.442486
convert,10,aos-to-soa,19,0.442772
convert,10,aos-to-soa,20,0.441818
convert,10,aos-to-soa,21,0.448895
convert,10,aos-to-soa,22,0.446777
convert,10,aos-to-soa,23,0.452576
convert,10,aos-to-soa,24,0.445461
convert,10,aos-to-soa,25,0.446091
convert,10,aos-to-soa,26,0.444012
convert,10,aos-to-soa,27,0.445023
convert,10,aos-to-soa,28,0.449429
convert,10,aos-to-soa,29,0.444565
convert,10,aos-to-soa,30,0.444279
convert,10,soa-to-aos,0,0.487595
convert,10,soa-to-aos,1,0.51569
convert,10,soa-to-aos,2,0.513134
convert,10,soa-to-aos,3,0.488052
convert,10,soa-to-aos,4,0.499763
convert,10,soa-to-aos,5,0.494499
convert,10,soa-to-aos,6,0.50312
convert,10,soa-to-aos,7,0.496941
convert,10,soa-to-aos,8,0.488167
convert,10,soa-to-aos,9,0.49551
convert,10,soa-to-aos,10,0.501862
convert,10,soa-to-aos,11,0.499077
convert,10,soa-to-aos,12,0.506973
convert,10,soa-to-aos,13,0.51384
convert,10,soa-to-aos,14,0.493584
convert,10,soa-to-aos,15,0.496044
convert,10,soa-to-aos,16,0.507374
convert,10,soa-to-aos,17,0.493279
convert,10,soa-to-aos,18,0.492992
convert,10,soa-to-aos,19,0.508022
convert,10,soa-to-aos,20,0.49511
convert,10,soa-to-aos,21,0.494442
convert,10,soa-to-aos,22,0.593185
convert,10,soa-to-aos,23,0.500584
convert,10,soa-to-aos,24,0.505638
convert,10,soa-to-aos,25,0.510044
convert,10,soa-to-aos,26,0.493793
convert,10,soa-to-aos,27,0.512657
convert,10,soa-to-aos,28,0.491753
convert,10,soa-to-aos,29,0.49511
convert,10,soa-to-aos,30,0.492153
convert,1000,aos-to-soa,0,0.296667
convert,1000,aos-to-soa,1,0.296997
convert,1000,aos-to-soa,2,0.297034
convert,1000,aos-to-soa,3,0.297351
convert,1000,aos-to-soa,4,0.29718
convert,1000,aos-to-soa,5,0.297192
convert,1000,aos-to-soa,6,0.296838
convert,1000,aos-to-soa,7,0.296912
convert,1000,aos-to-soa,8,0.297095
convert,1000,aos-to-soa,9,0.297229
convert,1000,aos-to-soa,10,0.297571
convert,1000,aos-to-soa,11,0.296924
convert,1000,aos-to-soa,12,0.297205
convert,1000,aos-to-soa,13,0.296875
convert,1000,aos-to-soa,14,0.297205
convert,1000,aos-to-soa,15,0.296851
convert,1000,aos-to-soa,16,0.298462
convert,1000,aos-to-soa,17,0.296851
convert,1000,aos-to-soa,18,0.297192
convert,1000,aos-to-soa,19,0.297217
convert,1000,aos-to-soa,20,0.297375
convert,1000,aos-to-soa,21,0.297021
convert,1000,aos-to-soa,22,0.298059
convert,1000,aos-to-soa,23,0.298425
convert,1000,aos-to-soa,24,0.296985
convert,1000,aos-to-soa,25,0.338977
convert,1000,aos-to-soa,26,0.308801
convert,1000,aos-to-soa,27,0.29751
convert,1000,aos-to-soa,28,0.300378
convert,1000,aos-to-soa,29,0.296948
convert,1000,aos-to-soa,30,0.297168
convert,1000,soa-to-aos,0,0.353662
convert,1000,soa-to-aos,1,0.35271
convert,1000,soa-to-aos,2,0.36366
convert,1000,soa-to-aos,3,0.354236
convert,1000,soa-to-aos,4,0.355066
convert,1000,soa-to-aos,5,0.353955
convert,1000,soa-to-aos,6,0.354138
convert,1000,soa-to-aos,7,0.354346
convert,1000,soa-to-aos,8,0.353992
convert,1000,soa-to-aos,9,0.353748
convert,1000,soa-to-aos,10,0.358447
convert,1000,soa-to-aos,11,0.353772
convert,1000,soa-to-aos,12,0.355249
convert,1000,soa-to-aos,13,0.353711
convert,1000,soa-to-aos,14,0.353992
convert,1000,soa-to-aos,15,0.383923
convert,1000,soa-to-aos,16,0.353809
convert,1000,soa-to-aos,17,0.354175
convert,1000,soa-to-aos,18,0.353687
convert,1000,soa-to-aos,19,0.354004
convert,1000,soa-to-aos,20,0.35531
convert,1000,soa-to-aos,21,0.362292
convert,1000,soa-to-aos,22,0.41731
convert,1000,soa-to-aos,23,0.353992
convert,1000,soa-to-aos,24,0.353906
convert,1000,soa-to-aos,25,0.354285
convert,1000,soa-to-aos,26,0.353906
convert,1000,soa-to-aos,27,0.354077
convert,1000,soa-to-aos,28,0.354004
convert,1000,soa-to-aos,29,0.353796
convert,1000,soa-to-aos,30,0.354907
convert,100000,aos-to-soa,0,0.321953
convert,100000,aos-to-soa,1,0.323125
convert,100000,aos-to-soa,2,0.32325
convert,100000,aos-to-soa,3,0.325859
convert,100000,aos-to-soa,4,0.324078
convert,100000,aos-to-soa,5,0.322922
convert,100000,aos-to-soa,6,0.325672
convert,100000,aos-to-soa,7,0.328125
convert,100000,aos-to-soa,8,0.320453
convert,100000,aos-to-soa,9,0.318906
convert,100000,aos-to-soa,10,0.322391
convert,100000,aos-to-soa,11,0.320297
convert,100000,aos-to-soa,12,0.318531
convert,100000,aos-to-soa,13,0.318391
convert,100000,aos-to-soa,14,0.318547
convert,100000,aos-to-soa,15,0.318984
convert,100000,aos-to-soa,16,0.319344
convert,100000,aos-to-soa,17,0.319047
convert,100000,aos-to-soa,18,0.322328
convert,100000,aos-to-soa,19,0.411687
convert,100000,aos-to-soa,20,0.319109
convert,100000,aos-to-soa,21,0.320344
convert,100000,aos-to-soa,22,0.319391
convert,100000,aos-to-soa,23,0.319344
convert,100000,aos-to-soa,24,0.319125
convert,100000,aos-to-soa,25,0.323859
convert,100000,aos-to-soa,26,0.323344
convert,100000,aos-to-soa,27,0.318406
convert,100000,aos-to-soa,28,0.319484
convert,100000,aos-to-soa,29,0.319516
convert,100000,aos-to-soa,30,0.31875
convert,100000,soa-to-aos,0,0.353187
convert,100000,soa-to-aos,1,0.355031
convert,100000,soa-to-aos,2,0.352469
convert,100000,soa-to-aos,3,0.357203
convert,100000,soa-to-aos,4,0.357203
convert,100000,soa-to-aos,5,0.372688
convert,100000,soa-to-aos,6,0.382047
convert,100000,soa-to-aos,7,0.36
convert,100000,soa-to-aos,8,0.352406
convert,100000,soa-to-aos,9,0.362859
convert,100000,soa-to-aos,10,0.354641
convert,100000,soa-to-aos,11,0.353281
convert,100000,soa-to-aos,12,0.352219
convert,100000,soa-to-aos,13,0.354438
convert,100000,soa-to-aos,14,0.3625
convert,100000,soa-to-aos,15,0.439031
convert,100000,soa-to-aos,16,0.359109
convert,100000,soa-to-aos,17,0.443156
convert,100000,soa-to-aos,18,0.356031
convert,100000,soa-to-aos,19,0.417281
convert,100000,soa-to-aos,20,0.361125
convert,100000,soa-to-aos,21,0.630344
convert,100000,soa-to-aos,22,0.363687
convert,100000,soa-to-aos,23,0.352781
convert,100000,soa-to-aos,24,0.35175
convert,100000,soa-to-aos,25,0.360297
convert,100000,soa-to-aos,26,0.353
convert,100000,soa-to-aos,27,0.353391
convert,100000,soa-to-aos,28,0.354609
convert,100000,soa-to-aos,29,0.354891
convert,100000,soa-to-aos,30,0.355344
convert,4000000,aos-to-soa,0,0.502025
convert,4000000,aos-to-soa,1,0.48405
convert,4000000,aos-to-soa,2,0.544288
convert,4000000,aos-to-soa,3,0.505787
convert,4000000,aos-to-soa,4,0.465925
convert,4000000,aos-to-soa,5,0.538475
convert,4000000,aos-to-soa,6,0.56465
convert,4000000,aos-to-soa,7,0.519975
convert,4000000,aos-to-soa,8,0.518563
convert,4000000,aos-to-soa,9,0.524288
convert,4000000,aos-to-soa,10,0.500613
convert,4000000,aos-to-soa,11,0.490887
convert,4000000,aos-to-soa,12,0.543312
convert,4000000,aos-to-soa,13,0.473
convert,4000000,aos-to-soa,14,0.4615
convert,4000000,aos-to-soa,15,0.495825
convert,4000000,aos-to-soa,16,0.506437
convert,4000000,aos-to-soa,17,0.473325
convert,4000000,aos-to-soa,18,0.470775
convert,4000000,aos-to-soa,19,0.46985
convert,4000000,aos-to-soa,20,0.4633
convert,4000000,aos-to-soa,21,0.452338
convert,4000000,aos-to-soa,22,0.462875
convert,4000000,aos-to-soa,23,0.464162
convert,4000000,aos-to-soa,24,0.481588
convert,4000000,aos-to-soa,25,0.504838
convert,4000000,aos-to-soa,26,0.505675
convert,4000000,aos-to-soa,27,0.457637
convert,4000000,aos-to-soa,28,0.491712
convert,4000000,aos-to-soa,29,0.4824
convert,4000000,aos-to-soa,30,0.498325
convert,4000000,soa-to-aos,0,0.447562
convert,4000000,soa-to-aos,1,0.477025
convert,4000000,soa-to-aos,2,0.431625
convert,4000000,soa-to-aos,3,0.423875
convert,4000000,soa-to-aos,4,0.443575
convert,4000000,soa-to-aos,5,0.4281
convert,4000000,soa-to-aos,6,0.44355
convert,4000000,soa-to-aos,7,0.459825
convert,4000000,soa-to-aos,8,0.475675
convert,4000000,soa-to-aos,9,0.45415
convert,4000000,soa-to-aos,10,0.449638
convert,4000000,soa-to-aos,11,0.489113
convert,4000000,soa-to-aos,12,0.479712
convert,4000000,soa-to-aos,13,0.465487
convert,4000000,soa-to-aos,14,0.440512
convert,4000000,soa-to-aos,15,0.515075
convert,4000000,soa-to-aos,16,0.475013
convert,4000000,soa-to-aos,17,0.560013
convert,4000000,soa-to-aos,18,0.55205
convert,4000000,soa-to-aos,19,0.527587
convert,4000000,soa-to-aos,20,0.510225
convert,4000000,soa-to-aos,21,0.517737
convert,4000000,soa-to-aos,22,0.465888
convert,4000000,soa-to-aos,23,0.4692
convert,4000000,soa-to-aos,24,0.460363
convert,4000000,soa-to-aos,25,0.438663
convert,4000000,soa-to-aos,26,0.448862
convert,4000000,soa-to-aos,27,0.461012
convert,4000000,soa-to-aos,28,0.445925
convert,4000000,soa-to-aos,29,0.428787
convert,4000000,soa-to-aos,30,0.494362
mat4mul,10,ref,0,11.6803
mat4mul,10,ref,1,11.5186
mat4mul,10,ref,2,11.5753
mat4mul,10,ref,3,11.3596
mat4mul,10,ref,4,11.5262
mat4mul,10,ref,5,11.6605
mat4mul,10,ref,6,11.3132
mat4mul,10,ref,7,11.394
mat4mul,10,ref,8,12.099
mat4mul,10,ref,9,12.7646
mat4mul,10,ref,10,11.4758
mat4mul,10,ref,11,11.5018
mat4mul,10,ref,12,11.6217
mat4mul,10,ref,13,13.3905
mat4mul,10,ref,14,11.8011
mat4mul,10,ref,15,12.1268
mat4mul,10,ref,16,11.8405
mat4mul,10,ref,17,11.5436
mat4mul,10,ref,18,11.5286
mat4mul,10,ref,19,11.8158
mat4mul,10,ref,20,11.6986
mat4mul,10,ref,21,11.9037
mat4mul,10,ref,22,11.7981
mat4mul,10,ref,23,11.8234
mat4mul,10,ref,24,11.55
mat4mul,10,ref,25,11.4496
mat4mul,10,ref,26,11.8164
mat4mul,10,ref,27,11.3791
mat4mul,10,ref,28,11.4581
mat4mul,10,ref,29,11.9534
mat4mul,10,ref,30,11.9781
mat4mul,10,simd,0,3.06961
mat4mul,10,simd,1,2.68044
mat4mul,10,simd,2,2.66464
mat4mul,10,simd,3,3.13759
mat4mul,10,simd,4,3.08296
mat4mul,10,simd,5,2.67952
mat4mul,10,simd,6,2.73224
mat4mul,10,simd,7,2.67471
mat4mul,10,simd,8,3.16452
mat4mul,10,simd,9,2.66731
mat4mul,10,simd,10,2.78687
mat4mul,10,simd,11,2.70088
mat4mul,10,simd,12,2.68402
mat4mul,10,simd,13,2.87071
mat4mul,10,simd,14,2.7343
mat4mul,10,simd,15,2.67731
mat4mul,10,simd,16,2.7037
mat4mul,10,simd,17,2.71782
mat4mul,10,simd,18,2.69699
mat4mul,10,simd,19,2.84431
mat4mul,10,simd,20,2.94968
mat4mul,10,simd,21,2.75574
mat4mul,10,simd,22,2.67784
mat4mul,10,simd,23,2.66937
mat4mul,10,simd,24,3.13332
mat4mul,10,simd,25,2.88269
mat4mul,10,simd,26,2.66869
mat4mul,10,simd,27,2.78
mat4mul,10,simd,28,2.74918
mat4mul,10,simd,29,2.69814
mat4mul,10,simd,30,3.42545
mat4mul,1000,ref,0,13.2066
mat4mul,1000,ref,1,11.2984
mat4mul,1000,ref,2,11.2359
mat4mul,1000,ref,3,11.5941
mat4mul,1000,ref,4,11.3027
mat4mul,1000,ref,5,11.4086
mat4mul,1000,ref,6,11.2781
mat4mul,1000,ref,7,11.3574
mat4mul,1000,ref,8,11.1418
mat4mul,1000,ref,9,14.3992
mat4mul,1000,ref,10,11.518
mat4mul,1000,ref,11,11.3602
mat4mul,1000,ref,12,11.2523
mat4mul,1000,ref,13,11.3781
mat4mul,1000,ref,14,11.8094
mat4mul,1000,ref,15,12.5473
mat4mul,1000,ref,16,11.266
mat4mul,1000,ref,17,11.3406
mat4mul,1000,ref,18,11.4555
mat4mul,1000,ref,19,22.968
mat4mul,1000,ref,20,12.0242
mat4mul,1000,ref,21,16.0676
mat4mul,1000,ref,22,22.1875
mat4mul,1000,ref,23,29.7797
mat4mul,1000,ref,24,15.0383
mat4mul,1000,ref,25,13.607
mat4mul,1000,ref,26,17.4449
mat4mul,1000,ref,27,11.707
mat4mul,1000,ref,28,14.0445
mat4mul,1000,ref,29,12.7395
mat4mul,1000,ref,30,13.2652
mat4mul,1000,simd,0,2.67559
mat4mul,1000,simd,1,3.04922
mat4mul,1000,simd,2,2.67139
mat4mul,1000,simd,3,2.65898
mat4mul,1000,simd,4,2.66201
mat4mul,1000,simd,5,2.65156
mat4mul,1000,simd,6,3.63809
mat4mul,1000,simd,7,2.64258
mat4mul,1000,simd,8,2.65498
mat4mul,1000,simd,9,2.64229
mat4mul,1000,simd,10,3.09629
mat4mul,1000,simd,11,2.65762
mat4mul,1000,simd,12,2.65771
mat4mul,1000,simd,13,2.65459
mat4mul,1000,simd,14,2.67324
mat4mul,1000,simd,15,2.66514
mat4mul,1000,simd,16,2.68027
mat4mul,1000,simd,17,2.69951
mat4mul,1000,simd,18,2.66396
mat4mul,1000,simd,19,2.69072
mat4mul,1000,simd,20,2.66836
mat4mul,1000,simd,21,2.65371
mat4mul,1000,simd,22,2.67686
mat4mul,1000,simd,23,2.66289
mat4mul,1000,simd,24,2.71299
mat4mul,1000,simd,25,2.69551
mat4mul,1000,simd,26,2.65781
mat4mul,1000,simd,27,2.67598
mat4mul,1000,simd,28,2.69336
mat4mul,1000,simd,29,2.67451
mat4mul,1000,simd,30,3.68828
mat4mul,100000,ref,0,11.4335
mat4mul,100000,ref,1,11.6735
mat4mul,100000,ref,2,11.431
mat4mul,100000,ref,3,11.4955
mat4mul,100000,ref,4,11.485
mat4mul,100000,ref,5,11.28
mat4mul,100000,ref,6,11.378
mat4mul,100000,ref,7,11.682
mat4mul,100000,ref,8,11.5125
mat4mul,100000,ref,9,11.455
mat4mul,100000,ref,10,11.168
mat4mul,100000,ref,11,11.2215
mat4mul,100000,ref,12,11.207
mat4mul,100000,ref,13,13.5495
mat4mul,100000,ref,14,13.2945
mat4mul,100000,ref,15,11.363
mat4mul,100000,ref,16,11.2185
mat4mul,100000,ref,17,11.2955
mat4mul,100000,ref,18,11.2995
mat4mul,100000,ref,19,11.2765
mat4mul,100000,ref,20,11.299
mat4mul,100000,ref,21,11.2495
mat4mul,100000,ref,22,11.2095
mat4mul,100000,ref,23,11.262
mat4mul,100000,ref,24,13.5695
mat4mul,100000,ref,25,11.3125
mat4mul,100000,ref,26,11.215
mat4mul,100000,ref,27,11.3455
mat4mul,100000,ref,28,11.4385
mat4mul,100000,ref,29,11.295
mat4mul,100000,ref,30,11.353
mat4mul,100000,simd,0,2.76825
mat4mul,100000,simd,1,2.77338
mat4mul,100000,simd,2,2.86963
mat4mul,100000,simd,3,2.78463
mat4mul,100000,simd,4,2.784
mat4mul,100000,simd,5,2.79862
mat4mul,100000,simd,6,2.79125
mat4mul,100000,simd,7,2.78737
mat4mul,100000,simd,8,2.875
mat4mul,100000,simd,9,2.81375
mat4mul,100000,simd,10,2.7875
mat4mul,100000,simd,11,2.8415
mat4mul,100000,simd,12,2.7765
mat4mul,100000,simd,13,2.78337
mat4mul,100000,simd,14,2.84638
mat4mul,100000,simd,15,2.78912
mat4mul,100000,simd,16,2.78875
mat4mul,100000,simd,17,2.79375
mat4mul,100000,simd,18,2.81612
mat4mul,100000,simd,19,2.78037
mat4mul,100000,simd,20,2.8615
mat4mul,100000,simd,21,2.789
mat4mul,100000,simd,22,2.8025
mat4mul,100000,simd,23,2.7785
mat4mul,100000,simd,24,2.79438
mat4mul,100000,simd,25,2.84912
mat4mul,100000,simd,26,2.85875
mat4mul,100000,simd,27,3.46712
mat4mul,100000,simd,28,2.736
mat4mul,100000,simd,29,3.39075
mat4mul,100000,simd,30,2.75062
