operation,n,version,median_ns,q1_ns,q3_ns,min_ns,max_ns,iqr_percent,speedup_vs_ref,calls_per_sample,check,checksum
dot,10,ref-aos,0.697422,0.691919,0.719013,0.68922,1.42761,3.88486,1,524288,"reference",12458.2
dot,10,simd-aos,0.367393,0.366535,0.370226,0.365219,0.523834,1.00457,1.8983,524288,"identical",12458.2
dot,10,asm-aos,0.644569,0.642757,0.654697,0.636673,0.756226,1.8524,1.082,524288,"identical",12458.2
dot,10,ref-soa,0.484905,0.483837,0.48667,0.482693,0.595474,0.584117,1.43826,524288,"identical",12458.2
dot,10,simd-soa,0.476208,0.470848,0.528078,0.46751,0.771618,12.0179,1.46453,524288,"identical",12458.2
dot,10,simd-soa+conv,1.59386,1.58802,1.62037,1.58226,1.90163,2.02958,0.437569,131072,"identical",12458.2
dot,1000,ref-aos,0.599048,0.595264,0.674756,0.591016,4.39736,13.2698,1,4096,"reference",16243
dot,1000,simd-aos,0.262549,0.261566,0.264246,0.252942,0.330518,1.02055,2.28166,8192,"identical",16243
dot,1000,asm-aos,0.583887,0.580713,0.589417,0.5802,0.659644,1.49063,1.02597,4096,"identical",16243
dot,1000,ref-soa,0.151953,0.1509,0.153571,0.150458,0.184106,1.75731,3.94232,16384,"identical",16243
dot,1000,simd-soa,0.150964,0.150211,0.154019,0.149591,0.1776,2.52284,3.96814,16384,"identical",16243
dot,1000,simd-soa+conv,0.792651,0.782654,0.83053,0.765454,0.909668,6.03998,0.755752,4096,"identical",16243
dot,100000,ref-aos,0.596719,0.593969,0.613016,0.590125,0.675531,3.19194,1,64,"reference",-4.34135e+06
dot,100000,simd-aos,0.266437,0.265383,0.271285,0.26418,0.293508,2.21528,2.23962,128,"identical",-4.34135e+06
dot,100000,asm-aos,0.59225,0.589773,0.599211,0.58775,0.671281,1.5935,1.00755,64,"identical",-4.34135e+06
dot,100000,ref-soa,0.218227,0.217242,0.219418,0.213578,0.2505,0.997029,2.7344,128,"identical",-4.34135e+06
dot,100000,simd-soa,0.217391,0.216902,0.219449,0.216109,0.284742,1.17157,2.74491,128,"identical",-4.34135e+06
dot,100000,simd-soa+conv,0.900656,0.896,0.912234,0.85375,1.00775,1.80251,0.662538,32,"identical",-4.34135e+06
dot,4000000,ref-aos,0.650275,0.643775,0.6871,0.639225,0.748975,6.66257,1,1,"reference",4.96683e+06
dot,4000000,simd-aos,0.3977,0.386025,0.424756,0.368638,1.08996,9.73881,1.63509,2,"identical",4.96683e+06
dot,4000000,asm-aos,0.645725,0.642362,0.658888,0.63915,0.754125,2.55914,1.00705,1,"identical",4.96683e+06
dot,4000000,ref-soa,0.359075,0.348394,0.372331,0.33785,0.407413,6.66643,1.81097,2,"identical",4.96683e+06
dot,4000000,simd-soa,0.372063,0.370056,0.380556,0.360575,0.423825,2.82211,1.74776,2,"identical",4.96683e+06
dot,4000000,simd-soa+conv,1.8168,1.8001,1.84774,1.7693,1.92778,2.62206,0.357923,1,"identical",4.96683e+06
normalize,10,ref-aos,3.59711,3.59497,3.61099,3.59146,4.46533,0.445406,1,65536,"reference",-4.10884
normalize,10,simd-aos,1.05408,1.05236,1.06581,1.05091,1.16905,1.27569,3.41257,262144,"identical",-4.10884
normalize,10,ref-soa,4.12262,4.11827,4.132,4.11057,4.814,0.333111,0.872529,65536,"identical",-4.10884
normalize,10,simd-soa,1.15063,1.14569,1.15324,1.14086,1.34529,0.656433,3.12621,262144,"identical",-4.10884
normalize,10,simd-soa+conv,2.76833,2.74757,2.79602,2.72041,3.33305,1.75003,1.29938,131072,"identical",-4.10884
normalize,10,simd-aos-approx,0.603466,0.60298,0.605927,0.602303,0.719471,0.488321,5.96074,524288,"approx (max diff 7.34e-05)",-4.10885
normalize,1000,ref-aos,3.44727,3.44575,3.45068,3.44326,3.8665,0.143059,1,1024,"reference",17.818
normalize,1000,simd-aos,0.703931,0.703577,0.705615,0.703027,0.819653,0.289599,4.89717,4096,"identical",17.818
normalize,1000,ref-soa,3.94316,3.94102,3.94678,3.93281,3.97969,0.146119,0.874238,512,"identical",17.818
normalize,1000,simd-soa,0.573804,0.57356,0.576208,0.573413,0.818579,0.461643,6.00774,4096,"identical",17.818
normalize,1000,simd-soa+conv,1.23691,1.23503,1.24182,1.23213,1.4459,0.548713,2.78699,2048,"identical",17.818
normalize,1000,simd-aos-approx,0.476611,0.476385,0.477045,0.476025,0.513892,0.138306,7.23287,8192,"approx (max diff 0.000205)",17.8193
normalize,100000,ref-aos,3.451,3.44769,3.45425,3.44525,3.85113,0.190162,1,8,"reference",96.1969
normalize,100000,simd-aos,0.705,0.703844,0.709797,0.703156,0.835031,0.844415,4.89504,32,"identical",96.1969
normalize,100000,ref-soa,3.90362,3.88725,3.97269,3.87775,4.53988,2.18867,0.88405,8,"identical",96.1969
normalize,100000,simd-soa,0.584547,0.581438,0.62757,0.57725,0.766781,7.89206,5.90372,64,"identical",96.1969
normalize,100000,simd-soa+conv,1.27238,1.27006,1.27775,1.2595,1.45344,0.604185,2.71225,16,"identical",96.1969
normalize,100000,simd-aos-approx,0.476766,0.475594,0.482836,0.474703,0.565578,1.51902,7.23836,64,"approx (max diff 0.000238)",96.194
normalize,4000000,ref-aos,3.48877,3.46915,3.58214,3.45615,3.76998,3.2386,1,1,"reference",962.517
normalize,4000000,simd-aos,0.7106,0.709037,0.71645,0.7079,0.836525,1.04313,4.90962,1,"identical",962.517
normalize,4000000,ref-soa,4.024,3.97161,4.09145,3.94285,4.3308,2.97807,0.866992,1,"identical",962.517
normalize,4000000,simd-soa,0.61135,0.607537,0.619325,0.603,0.742925,1.92811,5.70667,1,"identical",962.517
normalize,4000000,simd-soa+conv,1.97087,1.93204,2.0135,1.90692,2.07247,4.13332,1.77017,1,"identical",962.517
normalize,4000000,simd-aos-approx,0.5139,0.507038,0.52705,0.502825,0.6753,3.89424,6.78882,1,"approx (max diff 0.000257)",962.366
transform,10,ref-aos,1.35372,1.34869,1.36095,1.34689,1.75835,0.905966,1,262144,"reference",-69.0275
transform,10,simd-aos,1.01028,1.00954,1.01301,1.00849,1.17989,0.343604,1.33994,262144,"identical",-69.0275
transform,10,simd-aos-naive,0.707741,0.706406,0.712395,0.700607,0.731468,0.846224,1.91274,262144,"identical",-69.0275
transform,10,ref-soa,0.932961,0.931225,0.938435,0.929108,1.21429,0.772785,1.451,262144,"identical",-69.0275
transform,10,simd-soa,0.927773,0.926399,0.929337,0.925751,1.02638,0.316599,1.45911,262144,"identical",-69.0275
transform,10,simd-soa+conv,2.03133,2.0303,2.03449,2.02423,2.04704,0.206573,0.666423,131072,"identical",-69.0275
transform,1000,ref-aos,1.16968,1.16902,1.17092,1.16846,1.18862,0.162805,1,2048,"reference",48393.2
transform,1000,simd-aos,0.514136,0.51272,0.51449,0.511133,0.519946,0.344271,2.27504,4096,"identical",48393.2
transform,1000,simd-aos-naive,0.673682,0.672961,0.675391,0.672559,0.885425,0.360586,1.73625,4096,"identical",48393.2
transform,1000,ref-soa,0.316785,0.3164,0.318939,0.31615,0.439001,0.801511,3.69234,8192,"identical",48393.2
transform,1000,simd-soa,0.342639,0.342279,0.343555,0.319751,0.425122,0.372297,3.41373,8192,"identical",48393.2
transform,1000,simd-soa+conv,1.00513,1.00415,1.00637,0.983545,1.22695,0.221035,1.16371,2048,"identical",48393.2
transform,100000,ref-aos,1.16912,1.16813,1.17491,1.16631,1.49119,0.580028,1,32,"reference",4.77761e+06
transform,100000,simd-aos,0.508563,0.508242,0.508992,0.507812,0.552813,0.147474,2.29888,64,"identical",4.77761e+06
transform,100000,simd-aos-naive,0.672562,0.671453,0.673734,0.670219,0.706125,0.339188,1.73831,32,"identical",4.77761e+06
transform,100000,ref-soa,0.317484,0.317,0.319453,0.315375,0.335562,0.772676,3.68246,64,"identical",4.77761e+06
transform,100000,simd-soa,0.341813,0.341391,0.343078,0.34,0.363281,0.493692,3.42037,64,"identical",4.77761e+06
transform,100000,simd-soa+conv,1.02756,1.02461,1.03534,1.02134,1.43006,1.04464,1.13777,32,"identical",4.77761e+06
transform,4000000,ref-aos,1.18017,1.17902,1.18562,1.17702,1.32343,0.559239,1,1,"reference",1.90453e+08
transform,4000000,simd-aos,0.5407,0.536025,0.545413,0.529775,0.6685,1.73618,2.18268,1,"identical",1.90453e+08
transform,4000000,simd-aos-naive,0.684325,0.6829,0.688988,0.6817,0.790775,0.889563,1.72458,1,"identical",1.90453e+08
transform,4000000,ref-soa,0.375812,0.372337,0.392212,0.36985,0.464062,5.28854,3.14033,2,"identical",1.90453e+08
transform,4000000,simd-soa,0.388912,0.386644,0.390863,0.384825,0.445012,1.08476,3.03455,2,"identical",1.90453e+08
transform,4000000,simd-soa+conv,1.70417,1.69495,1.72832,1.6733,1.8,1.95843,0.69252,1,"identical",1.90453e+08
convert,10,aos-to-soa,0.442772,0.442028,0.445776,0.440254,0.557499,0.846472,0,524288,"-",0
convert,10,soa-to-aos,0.496941,0.493689,0.507174,0.487595,0.593185,2.71359,0,524288,"-",0
convert,1000,aos-to-soa,0.297192,0.296967,0.297443,0.296667,0.338977,0.160191,0,8192,"-",0
convert,1000,soa-to-aos,0.354004,0.353857,0.354987,0.35271,0.41731,0.318966,0,8192,"-",0
convert,100000,aos-to-soa,0.320297,0.319078,0.323187,0.318391,0.411687,1.28299,0,64,"-",0
convert,100000,soa-to-aos,0.356031,0.353336,0.36268,0.35175,0.630344,2.62442,0,64,"-",0
convert,4000000,aos-to-soa,0.491712,0.470313,0.506112,0.452338,0.56465,7.28068,0,2,"-",0
convert,4000000,soa-to-aos,0.461012,0.44475,0.484413,0.423875,0.560013,8.60335,0,2,"-",0
mat4mul,10,ref,11.6605,11.5102,11.832,11.3132,13.3905,2.75982,1,32768,"reference",-80.773
mat4mul,10,simd,2.73224,2.67998,2.8767,2.66464,3.42545,7.2001,4.26773,131072,"identical",-80.773
mat4mul,1000,ref,11.707,11.349,13.8258,11.1418,29.7797,21.1562,1,256,"reference",354.047
mat4mul,1000,simd,2.67139,2.65776,2.69204,2.64229,3.68828,1.28313,4.38238,1024,"identical",354.047
mat4mul,100000,ref,11.3455,11.2692,11.47,11.168,13.5695,1.76942,1,2,"reference",3280.84
mat4mul,100000,simd,2.79125,2.78369,2.84394,2.736,3.46712,2.15853,4.06467,8,"identical",3280.84
